Handle,Product Title,Vendor,Variant Price,Variant SKU,URL
nt1100-comfort-rider-seat,NT1100 Comfort Rider Seat,Honda Motorbikes,296,08R75MLFE00ZA,https://www.hondamotorbikes.co.nz/08r75mlfe00za
cbr500r-35l-top-box-base,CBR500R 35L Top Box Base,Honda Motorbikes,105,08L71MGZJ01,https://www.hondamotorbikes.co.nz/08l71mgzj01
nx500-front-led-fog-light-attachments,NX500 Front LED Fog Light Attachments,Honda Motorbikes,519,08V70MLRD80ZA,https://www.hondamotorbikes.co.nz/08v70mlrd80za
nc750x-tall-windscreen,NC750X Tall Windscreen,Honda Motorbikes,275,08R70MKWD00,https://www.hondamotorbikes.co.nz/08r70mkwd00
africa-twin-58l-top-box-with-stripe,Africa Twin 58L Top Box With Stripe,Honda Motorbikes,1060,08L70MLNE00ZA,https://www.hondamotorbikes.co.nz/08l70mlne00za
nt1100-panel-rl-pannier-cover-in-matte-iridium-grey-metallic,NT1100 Panel R/L Pannier Cover In Matte Iridium Grey Metallic,Honda Motorbikes,381,08L81MKTD00ZL,https://www.hondamotorbikes.co.nz/08l81mktd00zl
pioneer-7001000-fuse-box,Pioneer 700/1000 Fuse Box,Honda Motorbikes,403,0SS25HL4A00,https://www.hondamotorbikes.co.nz/0ss25hl4a00
pioneer-1000-dash-pocket-net,Pioneer 1000 Dash Pocket Net,Honda Motorbikes,79,0SL60HL4A00,https://www.hondamotorbikes.co.nz/0sl60hl4a00
pioneer-700-4p-hard-roof-short,Pioneer 700-4P Hard Roof (Short),Honda Motorbikes,861,0SR85HL3101B,https://www.hondamotorbikes.co.nz/0sr85hl3101b
cb650r-meter-visor-stay,CB650R Meter Visor Stay,Honda Motorbikes,116,08R70MKYE20,https://www.hondamotorbikes.co.nz/08r70mkye20
pioneer-520-cargo-box,Pioneer 520 Cargo Box,Honda Motorbikes,883,0SL53HR6A01,https://www.hondamotorbikes.co.nz/0sl53hr6a01
trx520fm6,TRX520FM6,Honda Motorbikes,23454,TRX520FM6,https://www.hondamotorbikes.co.nz/trx520fm6
africa-twin-side-tank-pads,Africa Twin Side Tank Pads,Honda Motorbikes,105,AFRICA-TWIN-SIDE-TANK-PADS,https://www.hondamotorbikes.co.nz/honda-genuine-accessories/08r81mkse00
transalp-high-screen,Transalp High Screen,Honda Motorbikes,296,08R73MLCD00,https://www.hondamotorbikes.co.nz/08r73mlcd00
honda-trx250tm-atv,Honda TRX250TM ATV,Honda Motorbikes,14369,TRX250TM,https://www.hondamotorbikes.co.nz/trx250tm
africa-twin-inner-bag-for-plastic-panniers,Africa Twin Inner Bag For Plastic Panniers,Honda Motorbikes,179,08L83MKSE00,https://www.hondamotorbikes.co.nz/08l83mkse00
knuckle-guard-extension-black,Knuckle Guard Extension Black,Honda Motorbikes,31,08P72MKSE00ZC,https://www.hondamotorbikes.co.nz/08p72mkse00zc
pioneer-700-fabric-midrear-panel,Pioneer 700 Fabric Mid/Rear Panel,Honda Motorbikes,340,0SR95HL3211A,https://www.hondamotorbikes.co.nz/0sr95hl3211a
honda-nc750x-motorcycle,Honda NC750X Motorcycle,Honda Motorbikes,14995,NC750X,https://www.hondamotorbikes.co.nz/nc750x
cl500-headlight-visor-decal,CL500 Headlight Visor Decal,Honda Motorbikes,10,08F76K3SJA0ZA,https://www.hondamotorbikes.co.nz/08f76k3sja0za
transalp-pannier-case-set,Transalp Pannier Case Set,Honda Motorbikes,1485,08L72MKTD00,https://www.hondamotorbikes.co.nz/08l72mktd00
cb650r-shroud-covers,CB650R Shroud Covers,Honda Motorbikes,455,08F72MKYE20,https://www.hondamotorbikes.co.nz/08f72mkye20
pioneer-20-inch-led-light-bar,Pioneer 20-Inch LED Light Bar,Honda Motorbikes,907,0SV31HL4A00,https://www.hondamotorbikes.co.nz/0sv31hl4a00
front-led-fog-lights,Front LED Fog Lights,Honda Motorbikes,689,08V73MKSE00,https://www.hondamotorbikes.co.nz/08v73mkse00
nx500-tank-bag-attachment-kit,NX500 Tank Bag Attachment Kit,Honda Motorbikes,73,08L72MKPJ80,https://www.hondamotorbikes.co.nz/08l72mkpj80
crf110f,CRF110F,Honda Motorbikes,4895,CRF110F,https://www.hondamotorbikes.co.nz/crf110f
pioneer-1000-5p-hard-midrear-panel,Pioneer 1000-5P Hard Mid/Rear Panel,Honda Motorbikes,1672,0SU95HL4A50,https://www.hondamotorbikes.co.nz/0su95hl4a50
1-key-components-cylinder-inner-kit-wave-key,1 Key Components - Cylinder Inner Kit Wave Key,Honda Motorbikes,63,08M70MJED03,https://www.hondamotorbikes.co.nz/08m70mjed03
pioneer-700-fender-flares,Pioneer 700 Fender Flares,Honda Motorbikes,340,08P70HL3600,https://www.hondamotorbikes.co.nz/08p70hl3600
africa-twin-12v-socket,Africa Twin 12V Socket,Honda Motorbikes,52,AFRICA-TWIN-12V-SOCKET,https://www.hondamotorbikes.co.nz/honda-genuine-accessories/08u70mkse00
pioneer-1000-5p-fabric-rear-panel,Pioneer 1000-5P Fabric Rear Panel,Honda Motorbikes,335,0SR95HL4211B,https://www.hondamotorbikes.co.nz/0sr95hl4211b
africa-twin-quick-shifter,Africa Twin Quick Shifter,Honda Motorbikes,530,08U70MLGE00,https://www.hondamotorbikes.co.nz/08u70mlge00
africa-twin-inner-bag-for-58l-top-box,Africa Twin Inner Bag For 58L Top Box,Honda Motorbikes,232,08L81MKSE00,https://www.hondamotorbikes.co.nz/08l81mkse00
pioneer-520-700-light-bar-clamp-38mm,Pioneer 520 / 700 Light Bar Clamp 38mm,Honda Motorbikes,86,0SV31HL4201A,https://www.hondamotorbikes.co.nz/honda-genuine-accessories/0sv31hl3201a
cl500-knuckle-guard,CL500 Knuckle Guard,Honda Motorbikes,254,08P71K3SJA0,https://www.hondamotorbikes.co.nz/08p71k3sja0
africa-twin-main-centre-stand,Africa Twin Main (Centre) Stand,Honda Motorbikes,424,08M70MKSE01,https://www.hondamotorbikes.co.nz/08m70mkse01
honda-nx500-motorcycle,Honda NX500 Motorcycle,Honda Motorbikes,13595,HONDA-NX500-MOTORCYCLE,https://www.hondamotorbikes.co.nz/nx500
cl500-1-key-inner-cylinder,CL500 1 Key Inner Cylinder,Honda Motorbikes,52,08M71KZL841,https://www.hondamotorbikes.co.nz/08m71kzl841
africa-twin-adventure-sports-front-side-pipe,Africa Twin Adventure Sports Front Side Pipe,Honda Motorbikes,1007,08P70MLNEQ0,https://www.hondamotorbikes.co.nz/08p70mlneq0
pioneer-520-700-light-bar-clamp-44mm,Pioneer 520 / 700 Light Bar Clamp 44mm,Honda Motorbikes,86,0SV31HL3301B,https://www.hondamotorbikes.co.nz/0sv31hl3301b
top-box-backrest,Top Box Backrest,Honda Motorbikes,190,08F00MJPG50,https://www.hondamotorbikes.co.nz/08f00mjpg50
cl500-top-box-lock,CL500 Top Box Lock,Honda Motorbikes,137,08L71K1TE10,https://www.hondamotorbikes.co.nz/08l71k1te10
nx500-wind-screen-smoke,NX500 Wind Screen Smoke,Honda Motorbikes,94,08R71MLRD80,https://www.hondamotorbikes.co.nz/08r71mlrd80
nx500-side-bag-attachments,NX500 Side Bag Attachments,Honda Motorbikes,381,08L71MLRD81,https://www.hondamotorbikes.co.nz/08l71mlrd81
pioneer-520-nerf-bars,Pioneer 520 Nerf Bars,Honda Motorbikes,766,0SP74HL5A00,https://www.hondamotorbikes.co.nz/0sp74hl5a00
50l-manual-top-box,50L Manual Top Box,Honda Motorbikes,742,08L73MKTD00,https://www.hondamotorbikes.co.nz/08l73mktd00
cb650r-under-cowl,CB650R Under Cowl,Honda Motorbikes,211,08F71MKND50ZA,https://www.hondamotorbikes.co.nz/08f71mknd50za
transalp-engine-guard,Transalp Engine Guard,Honda Motorbikes,551,08P73MLCD00,https://www.hondamotorbikes.co.nz/08p73mlcd00
honda-gb350,Honda GB350,Honda Motorbikes,8995,HONDA-GB350,https://www.hondamotorbikes.co.nz/gb350
cbr500r-cb500f-cb750-tank-pad-carbon-fibre,CBR500R / CB500F / CB750 Tank Pad (Carbon-Fibre),Honda Motorbikes,52,08P61KYJ800,https://www.hondamotorbikes.co.nz/08p61kyj800
pioneer-1000-6p-hard-roof,Pioneer 1000-6P Hard Roof,Honda Motorbikes,1694,0SR85HL8A00,https://www.hondamotorbikes.co.nz/0sr85hl8a00
africa-twin-engine-guard-attachment,Africa Twin Engine Guard Attachment,Honda Motorbikes,84,08P75MKSE00,https://www.hondamotorbikes.co.nz/08p75mkse00
nt1100-quick-shifter,NT1100 Quick Shifter,Honda Motorbikes,530,08U70MLFE00,https://www.hondamotorbikes.co.nz/08u70mlfe00
pioneer-1000-6p-steel-front-bumper,Pioneer 1000-6P Steel Front Bumper,Honda Motorbikes,1640,08P71HL8A10,https://www.hondamotorbikes.co.nz/08p71hl8a10
trx700fa5,TRX700FA5,Honda Motorbikes,25064,TRX700FA5,https://www.hondamotorbikes.co.nz/trx700fa5
pioneer-700-fuse-box-wiring-kit,Pioneer 700 Fuse Box Wiring Kit,Honda Motorbikes,199,PIONEER-700-FUSE-BOX-WIRING-KIT,https://www.hondamotorbikes.co.nz/honda-genuine-accessories/0ss26hl3a00
transalp-main-centre-stand,Transalp Main (Centre) Stand,Honda Motorbikes,424,08M70MLCD00,https://www.hondamotorbikes.co.nz/08m70mlcd00
nc750x-main-centre-stand,NC750X Main (Centre) Stand,Honda Motorbikes,317,08M70MKWD00,https://www.hondamotorbikes.co.nz/08m70mkwd00
cb750-hornet-seat-cowl,CB750 Hornet Seat Cowl,Honda Motorbikes,392,CB750-HORNET-SEAT-COWL,https://www.hondamotorbikes.co.nz/honda-genuine-accessories/08f70mlbd00zb
cbr650r-cb650r-grip-heater,CBR650R / CB650R Grip Heater,Honda Motorbikes,370,08T71MKYE00,https://www.hondamotorbikes.co.nz/08t71mkye00
pioneer-520-700-side-mirrors,Pioneer 520 / 700 Side Mirrors,Honda Motorbikes,317,0SV05HL5100,https://www.hondamotorbikes.co.nz/0sv05hl5100
cb750-hornet-quick-shifter,CB750 Hornet Quick Shifter,Honda Motorbikes,530,08U70MLBD00,https://www.hondamotorbikes.co.nz/08u70mlbd00
cl500-carrier-bracket,CL500 Carrier Bracket,Honda Motorbikes,148,08L70MKKD00,https://www.hondamotorbikes.co.nz/08l70mkkd00
cb125f,CB125F,Honda Motorbikes,3495,CB125F,https://www.hondamotorbikes.co.nz/cb125f
nt1100-kit-rl-pannier-panel-cover-black,NT1100 Kit - R/L Pannier Panel Cover - Black,Honda Motorbikes,381,08L81MKTD00ZN,https://www.hondamotorbikes.co.nz/08l81mktd00zn
honda-trx520fm1-atv,Honda TRX520FM1 ATV,Honda Motorbikes,20694,TRX520FM1,https://www.hondamotorbikes.co.nz/trx520fm1
africa-twin-comfort-seat-black,Africa Twin Comfort Seat Black,Honda Motorbikes,317,08R71MLNE00ZC,https://www.hondamotorbikes.co.nz/08r71mlne00zc
cbr600rr,CBR600RR,Honda Motorbikes,26995,CBR600RR,https://www.hondamotorbikes.co.nz/cbr600rr
3l-tank-bag,3L Tank Bag,Honda Motorbikes,179,3L-TANK-BAG,https://www.hondamotorbikes.co.nz/honda-genuine-accessories/08l71mkjd00
africa-twin-side-tank-pad,Africa Twin Side Tank Pad,Honda Motorbikes,105,08R75MKSE20,https://www.hondamotorbikes.co.nz/08r75mkse20
pioneer-1000-fuse-box-with-audio-mount-bracket,Pioneer 1000 Fuse Box With Audio Mount Bracket,Honda Motorbikes,120,PIONEER-1000-FUSE-BOX-WITH-AUDIO-MOUNT-BRACKET,https://www.hondamotorbikes.co.nz/honda-genuine-accessories/0ss27hl4a00
cb650r-side-covers,CB650R Side Covers,Honda Motorbikes,307,08F75MKND50,https://www.hondamotorbikes.co.nz/08f75mknd50
trx420tm1,TRX420TM1,Honda Motorbikes,16669,TRX420TM1,https://www.hondamotorbikes.co.nz/trx420tm1
transalp-skid-plate,Transalp Skid Plate,Honda Motorbikes,816,08P71MLCD00,https://www.hondamotorbikes.co.nz/08p71mlcd00
africa-twin-dct-pedal-shift,Africa Twin DCT Pedal Shift,Honda Motorbikes,477,08U70MKSE50,https://www.hondamotorbikes.co.nz/08u70mkse50
honda-navi,Honda NAVi,Honda Motorbikes,3295,HONDA-NAVI,https://www.hondamotorbikes.co.nz/navi
pioneer-700-hard-front-doors,Pioneer 700 Hard Front Doors,Honda Motorbikes,6304,PIONEER-700-HARD-FRONT-DOORS,https://www.hondamotorbikes.co.nz/honda-genuine-accessories/0su95hl3104a
cb750-hornet-grip-heaters,CB750 Hornet Grip Heaters,Honda Motorbikes,370,08T70MLBD00,https://www.hondamotorbikes.co.nz/08t70mlbd00
africa-twin-engine-guard,Africa Twin Engine Guard,Honda Motorbikes,392,08P71MKSE00,https://www.hondamotorbikes.co.nz/08p71mkse00
transalp-grip-heaters,Transalp Grip Heaters,Honda Motorbikes,402,08T70MLCD00,https://www.hondamotorbikes.co.nz/08t70mlcd00
nc750x-light-bar,NC750X Light Bar,Honda Motorbikes,530,08P71MKWD00,https://www.hondamotorbikes.co.nz/08p71mkwd00
cbr650r-cb650r-grip-heater-attachment,CBR650R / CB650R Grip Heater Attachment,Honda Motorbikes,169,08T72MKYE00,https://www.hondamotorbikes.co.nz/08t72mkye00
pioneer-1000-fender-flares,Pioneer 1000 Fender Flares,Honda Motorbikes,430,08F70HL4AK0,https://www.hondamotorbikes.co.nz/honda-genuine-accessories/08f70hl4ak0
crf125f,CRF125F,Honda Motorbikes,5995,CRF125F,https://www.hondamotorbikes.co.nz/crf125f
pioneer-520-winch-mount-kit,Pioneer 520 Winch Mount Kit,Honda Motorbikes,883,08L70HL5E60,https://www.hondamotorbikes.co.nz/08l70hl5e60
pioneer-520-multi-tool-holder,Pioneer 520 Multi-Tool Holder,Honda Motorbikes,267,0SM19HL5A00,https://www.hondamotorbikes.co.nz/0sm19hl5a00
38l-top-box,38L Top Box,Honda Motorbikes,487,08L71MJPG50,https://www.hondamotorbikes.co.nz/08l71mjpg50
trx520fa6,TRX520FA6,Honda Motorbikes,24029,TRX520FA6,https://www.hondamotorbikes.co.nz/trx520fa6
nx500-leg-deflectors,NX500 Leg Deflectors,Honda Motorbikes,116,08R70MLRD80,https://www.hondamotorbikes.co.nz/08r70mlrd80
trx420fa2,TRX420FA2,Honda Motorbikes,20694,TRX420FA2,https://www.hondamotorbikes.co.nz/trx420fa2
africa-twin-front-led-fog-lights-attachment,Africa Twin Front Led Fog Lights Attachment,Honda Motorbikes,243,08V70MLNE00,https://www.hondamotorbikes.co.nz/08v70mlne00
cb750-hornet-meter-visor,CB750 Hornet Meter Visor,Honda Motorbikes,211,08R70MLBD00,https://www.hondamotorbikes.co.nz/08r70mlbd00
nc750x-usb-charger,NC750X USB Charger,Honda Motorbikes,63,08E73MKWD00,https://www.hondamotorbikes.co.nz/08e73mkwd00
honda-crf125fb-big-wheel,Honda CRF125FB Big Wheel,Honda Motorbikes,6495,HONDA-CRF125FB-BIG-WHEEL,https://www.hondamotorbikes.co.nz/crf125fb
honda-crf250rx-off-road-motorcycle,Honda CRF250RX Off-Road Motorcycle,Honda Motorbikes,15795,HONDA-CRF250RX-OFF-ROAD-MOTORCYCLE,https://www.hondamotorbikes.co.nz/crf250rx
africa-twin-front-side-pipe,Africa Twin Front Side Pipe,Honda Motorbikes,901,08P70MLNE00,https://www.hondamotorbikes.co.nz/honda-genuine-accessories/08p70mlne00
wt20-2-trash-water-pump,"WT20 2"" Trash Water Pump",,1999,WT20XK4UD4,https://www.hondaoutdoors.co.nz/wt20-trash-pump
hht36bxb-battery-lawn-trimmer,HHT36BXB Battery Lawn Trimmer,,449,HHT36BXB-BATTERY-LAWN-TRIMMER,https://www.hondaoutdoors.co.nz/hht36bxb-battery-lawn-trimmer
security-cable-with-led-light-combination-lock,Security Cable with LED light & Combination Lock,,30,SECURITY-CABLE-WITH-LED-LIGHT-COMBINATION-LOCK,https://www.hondaoutdoors.co.nz/security-cable-with-led-light-combination-lock
honda-igx800-horizontal-shaft-engine,Honda IGX800 Horizontal Shaft Engine,,,GX800IRH,https://www.hondaoutdoors.co.nz/igx800
blade-kit-for-umk425l-and-umc-versatool,Blade Kit for UMK425L and UMC (Versatool),,110,BLADE-KIT-FOR-UMK425L-AND-UMC-VERSATOOL,https://www.hondaoutdoors.co.nz/blade-kit-for-umk425l
eu70is-32amp-plug-with-auto-start,EU70iS 32AMP Plug with Auto Start,,9999,EU70ISUT432A,https://www.hondaoutdoors.co.nz/eu70is-32amp-plug-with-auto-start
honda-head-band-ear-muffs,Honda Head Band Ear Muffs,,30,HONDA-HEAD-BAND-EAR-MUFFS,https://www.hondaoutdoors.co.nz/honda-head-band-ear-muffs
honda-bf200-outboard-motor,Honda BF200 Outboard Motor,,,HONDA-BF200-OUTBOARD-MOTOR,https://www.hondamarine.co.nz/bf200
6ah-battery-charger-combo,6Ah Battery & Charger Combo,,,6AH-BATTERY-CHARGER-COMBO,https://www.hondaoutdoors.co.nz/6ah-battery-charger-combo
transalp-front-side-pipe,Transalp Front Side Pipe,,742,08P72MLCD00,https://www.hondamotorbikes.co.nz/08p72mlcd00
36v-9ah-battery,36V 9AH Battery,,549,36V-9AH-BATTERY,https://www.hondaoutdoors.co.nz/36v-9ah-battery
honda-bf40-outboard-engine,Honda BF40 Outboard Engine,,,BF40,https://www.hondamarine.co.nz/bf40
bf40-bf50-vented-cover,"BF40, BF50 Vented Cover",,150,BF40-BF50-VENTED-COVER,https://www.hondamarine.co.nz/bf40-bf50-vented-cover
honda-wb30-3-water-pump,"Honda WB30 3"" Water Pump",,1149,WB30XT3DRXU,https://www.hondaoutdoors.co.nz/wb30-water-pump
honda-helmet-with-face-shield-and-ear-muffs,Honda Helmet with Face Shield and Ear Muffs,,100,HONDA-HELMET-WITH-FACE-SHIELD-AND-EAR-MUFFS,https://www.hondaoutdoors.co.nz/honda-helmet-with-faceshield-and-earmuffs
honda-hru216m2-full-4-blade-kit-with-bolts,Honda HRU216M2 Full 4 Blade Kit with Bolts,,35,06725-VJ9-W80,https://www.hondaoutdoors.co.nz/hru216m2-full-4-blade-kit
35cc-honda-versattach-powerhead,35cc Honda VersAttach® Powerhead,,,UMC435ULAUT,https://www.hondaoutdoors.co.nz/35cc-honda-versattach-powerhead
honda-bf225-marine-outboard-motor,Honda BF225 Marine Outboard Motor,,,HONDA-BF225-MARINE-OUTBOARD-MOTOR,https://www.hondamarine.co.nz/bf225
eu70is-inverter-generator,EU70iS Inverter Generator,,7999,EU70IS-INVERTER-GENERATOR,https://www.hondaoutdoors.co.nz/eu70is
analogue-tacho-hour-gauge,Analogue Tacho Hour Gauge,,345,ANALOGUE-TACHO-HOUR-GAUGE,https://www.hondamarine.co.nz/analogue-tacho-gauge
switch-panel-onoff-horizontal-drive-by-wire,"Switch Panel, On/Off - Horizontal (Drive By Wire)",,242,SWITCH-PANEL-ONOFF-HORIZONTAL-DRIVE-BY-WIRE,https://www.hondamarine.co.nz/switch-panel-onoff-horizontal
switch-panel-onoff-vertical-drive-by-wire,"Switch Panel, On/Off - Vertical (Drive By Wire)",,182,SWITCH-PANEL-ONOFF-VERTICAL-DRIVE-BY-WIRE,https://www.hondamarine.co.nz/switch-panel-onoff-vertical
eu70is-32amp-plug,EU70iS 32AMP Plug,,8599,EU70ISUT432,https://www.hondaoutdoors.co.nz/eu70is-32amp-plug
umk435-bull-handle-brush-cutter,UMK435 Bull Handle Brush Cutter,,899,UMK435UUGUT,https://www.hondaoutdoors.co.nz/umk435-bull-handle
pioneer-1000-5p-hard-roof,Pioneer 1000-5P Hard Roof,,1671,0SR85HL4A50,https://www.hondamotorbikes.co.nz/0sr85hl4a50
round-trimmer-line-27mm-x-18m,Round Trimmer Line (2.7mm x 18m),,13,ROUND-TRIMMER-LINE-27MM-X-18M,https://www.hondaoutdoors.co.nz/round-trimmer-line-27mm-x-18m
25cc-honda-versattach-powerhead,25cc Honda VersAttach® Powerhead,,699,UMC425ULAUT,https://www.hondaoutdoors.co.nz/25cc-honda-versattach-powerhead
analogue-gauge-set-mechanical,Analogue Gauge Set (Mechanical),,,ANALOGUE-GAUGE-SET-MECHANICAL,https://www.hondamarine.co.nz/analogue-gauge-set-mechanical
lawn-mower-service-kit-3,Lawn Mower Service Kit 3,,37,LAWN-MOWER-SERVICE-KIT-3,https://www.hondaoutdoors.co.nz/lawn-mower-service-kit-3-suits-hru19m2-hrx217-k4-k6-hrr216-k9-k11-hrn216
triple-trimtilt-switch,Triple Trim/Tilt Switch,,283,TRIPLE-TRIMTILT-SWITCH,https://www.hondamarine.co.nz/triple-trimtilt
single-binnacle-console-remote-drive-by-wire-d-series,Single Binnacle Console Remote (Drive By Wire D-Series),,1986,SINGLE-BINNACLE-CONSOLE-REMOTE-DRIVE-BY-WIRE-D-SERIES,https://www.hondamarine.co.nz/single-binnacle-console-remote
honda-safety-glasses,Honda Safety Glasses,,15,L08SGE691MH1,https://www.hondaoutdoors.co.nz/honda-safety-glasses
honda-mfd-43-digital-display-bf115-350-dbw,Honda MFD 4.3 Digital Display (BF115-350 DBW),,1295,HONDA-MFD-43-DIGITAL-DISPLAY-BF115-350-DBW,https://www.hondamarine.co.nz/honda-mfd-43-digital-display-bf350
9ah-battery-charger-combo,9Ah Battery & Charger Combo,,,9AH-BATTERY-CHARGER-COMBO,https://www.hondaoutdoors.co.nz/9ah-battery-charger-combo
honda-bf350-outboard-motor,Honda BF350 Outboard Motor,,,HONDA-BF350-OUTBOARD-MOTOR,https://www.hondamarine.co.nz/bf350
dual-trimtilt-switch,Dual Trim/Tilt Switch,,202,DUAL-TRIMTILT-SWITCH,https://www.hondamarine.co.nz/dual-trimtilt
gx35-mini-4-stroke-horizontal-shaft-engine,GX35 Mini 4-Stroke Horizontal Shaft Engine,,,GX35TSAU,https://www.hondaoutdoors.co.nz/gx35
honda-rpp2pump-light-chemical-pump-recoil-pull-start,Honda RPP2PUMP Light Chemical Pump - Recoil Pull Start,,1399,RPP2PUMP,https://www.hondaoutdoors.co.nz/rpp2pump
discharge-chute-deflector-for-hf2417-hf2622,Discharge Chute (Deflector) for HF2417 / HF2622,,150,DISCHARGE-CHUTE-DEFLECTOR-FOR-HF2417-HF2622,https://www.hondaoutdoors.co.nz/discharge-chute-deflector-for-ride-ons
honda-versattach-extension-pole-attachment,Honda VersAttach® Extension Pole Attachment,,119,SSESLU1,https://www.hondaoutdoors.co.nz/versatool-extension-pole
honda-marine-floating-keyring,Honda Marine Floating Keyring,,6,HONDA-MARINE-FLOATING-KEYRING,https://www.hondamarine.co.nz/honda-marine-floating-keyring
honda-marine-prop-bag,Honda Marine Prop Bag,,15,HONDA-MARINE-PROP-BAG,https://www.hondamarine.co.nz/honda-marine-prop-bag
wt30-3-trash-pump,"WT30 3"" Trash Pump",,,WT30XK4UD4,https://www.hondaoutdoors.co.nz/wt30-trash-pump
right-hand-single-binnacle-console-remote-mechanical,Right Hand Single Binnacle Console Remote (Mechanical),,495,RIGHT-HAND-SINGLE-BINNACLE-CONSOLE-REMOTE-MECHANICAL,https://www.hondamarine.co.nz/right-hand-single-binnacle-console-remote
scallop-tooth-metal-blade,Scallop Tooth Metal Blade,,55,SCALLOP-TOOTH-METAL-BLADE,https://www.hondaoutdoors.co.nz/scallop-tooth-metal-blade
gxh50-horizontal-shaft-engine,GXH50 Horizontal Shaft Engine,,,GXH50UTQXA,https://www.hondaoutdoors.co.nz/gxh50
4ah-battery-charger-combo,4Ah Battery & Charger Combo,,,4AH-BATTERY-CHARGER-COMBO,https://www.hondaoutdoors.co.nz/4ah-battery-charger-combo
lawn-mower-service-kit-hru19d1-hru19r1-hru197-hru197d-hru217d,"Lawn Mower Service Kit (HRU19D1, HRU19R1, HRU197, HRU197D, HRU217D)",,60,06211HRUK02,https://www.hondaoutdoors.co.nz/lawn-mower-service-kit-2-suits-hru19d1-hru19r1-hru197-hru197d-hru217d
high-pressure-pump-roll-frame-suitable-for-qp205-and-up650,High Pressure Pump Roll Frame - Suitable for QP205 and UP650,,400,HIGH-PRESSURE-PUMP-ROLL-FRAME-SUITABLE-FOR-QP205-AND-UP650,https://www.hondaoutdoors.co.nz/high-pressure-pump-roll-frame-suitable-for-qp205-and-up650
honda-versattach-long-hedge-trimmer-attachment,Honda VersAttach® Long Hedge Trimmer Attachment,,469,SSHHLUHC1,https://www.hondaoutdoors.co.nz/versatool-long-hedge-trimmer-attachment
honda-bf135-outboard-engine,Honda BF135 Outboard Engine,,,HONDA-BF135-OUTBOARD-ENGINE,https://www.hondamarine.co.nz/bf135
wx15-15-water-pump,"WX15 1.5"" Water Pump",,949,WX15TU,https://www.hondaoutdoors.co.nz/wx15-portable-pump
eu22i-inverter-generator,EU22i Inverter Generator,,2599,EU22ITU4,https://www.hondaoutdoors.co.nz/eu22i
honda-rpp3pumpe-3-electric-start-light-chemical-pump,"Honda RPP3PUMPE 3"" Electric Start Light Chemical Pump",,2299,RPP3PUMPE,https://www.hondaoutdoors.co.nz/rpp3pumpe
36v-fast-battery-charger,36V Fast Battery Charger,,149,36V-FAST-BATTERY-CHARGER,https://www.hondaoutdoors.co.nz/36v-fast-battery-charger
6-auger-150-x-800mm,"6"" Auger (150 x 800mm)",,291,720170,https://www.hondaoutdoors.co.nz/auger-6-150-x-800mm
icey-tek-70l-chilly-bin,Icey-Tek 70L Chilly Bin,,576,ICEY-TEK-70L-CHILLY-BIN,https://www.hondamarine.co.nz/icey-tek-70l-chilly-bin
eu20i-eu22i-generator-service-kit,EU20i / EU22i Generator Service Kit,,44,EU20I-EU22I-GENERATOR-SERVICE-KIT,https://www.hondaoutdoors.co.nz/eu20i-eu22i-generator-service-kit
ignition-switch-mechanical,Ignition Switch (Mechanical),,238,IGNITION-SWITCH-MECHANICAL,https://www.hondamarine.co.nz/ignition-switch-mechanical
honda-mfd-43-digital-display,Honda MFD 4.3 Digital Display,,1234,HONDA-MFD-43-DIGITAL-DISPLAY,https://www.hondamarine.co.nz/honda-mfd-4-3-digital-display
bf8-outboard-motor,BF8 Outboard Motor,,,BF8-OUTBOARD-MOTOR,https://www.hondamarine.co.nz/bf8
eu10i-inverter-generator,EU10i Inverter Generator,,1899,EU10IT1U,https://www.hondaoutdoors.co.nz/eu10i
bf60-power-thrust-vented-cover,BF60 Power Thrust Vented Cover,,180,BF60-POWER-THRUST-VENTED-COVER,https://www.hondamarine.co.nz/bf60-bf60-power-thrust-vented-cover
honda-bf90-outboard-motor,Honda BF90 Outboard Motor,,,HONDA-BF90-OUTBOARD-MOTOR,https://www.hondamarine.co.nz/bf90
honda-marine-bf150-outboard-motor,Honda Marine BF150 Outboard Motor,,,HONDA-MARINE-BF150-OUTBOARD-MOTOR,https://www.hondamarine.co.nz/bf150
cl500-front-fender,CL500 Front Fender,,232,08F72K3SJA0,https://www.hondamotorbikes.co.nz/08f72k3sja0
8-auger-200-x-800mm,"8"" Auger (200 x 800mm)",,306,720350,https://www.hondaoutdoors.co.nz/auger-8-200-x-800mm
small-speed-feed-head-heavy-duty-w4-umc-425435-umk425435,Small Speed Feed Head - Heavy Duty W4 (UMC 425/435 & UMK425/435),,55,SMALL-SPEED-FEED-HEAD-HEAVY-DUTY-W4-UMC-425435-UMK425435,https://www.hondaoutdoors.co.nz/small-speed-feed-head-heavy-duty-w4-suits-umc-425-435-and-umk425-435
bf115-bf135-bf150-vented-cover,"BF115, BF135, BF150 Vented Cover",,230,BF115-BF135-BF150-VENTED-COVER,https://www.hondamarine.co.nz/bf115-bf135-bf150-vented-cover
brush-cutter-service-kit,Brush Cutter Service Kit,,45,BRUSH-CUTTER-SERVICE-KIT,https://www.hondaoutdoors.co.nz/brush-cutter-service-kit
large-speed-feed-head-heavy-duty-w5,Large Speed Feed Head - Heavy Duty W5,,75,72560UMK0W5,https://www.hondaoutdoors.co.nz/large-speed-feed-head-heavy-duty-w5
left-hand-single-binnacle-console-remote-mechanical,Left Hand Single Binnacle Console Remote (Mechanical),,,LEFT-HAND-SINGLE-BINNACLE-CONSOLE-REMOTE-MECHANICAL,https://www.hondamarine.co.nz/left-hand-single-binnacle-console-remote
honda-versattach-cultivator-attachment,Honda VersAttach® Cultivator Attachment,,449,SSCLU1,https://www.hondaoutdoors.co.nz/versatool-cultivator-attachment
honda-versattach-edger-attachment,Honda VersAttach® Edger Attachment,,279,SSETU1,https://www.hondaoutdoors.co.nz/versatool-edger-attachment
honda-hru196m2-contractor-ready-push-mower,Honda HRU196M2 Contractor Ready Push Mower,,1599,HRU196M2PWUH,https://www.hondaoutdoors.co.nz/hru196m2
honda-10w30-oil-4-litre-bottle,"Honda 10W/30 Oil, 4 Litre Bottle",,63,HONDA-10W30-OIL-4-LITRE-BOTTLE,https://www.hondaoutdoors.co.nz/honda-10w30-oil-4-litre-bottle
africa-twin-42l-aluminium-top-box,Africa Twin 42L Aluminium Top-Box,,912,08L73MKSE00,https://www.hondamotorbikes.co.nz/08l73mkse00
gp160-horizontal-shaft-engine,GP160 Horizontal Shaft Engine,,,GP160,https://www.hondaoutdoors.co.nz/gp160
umk435-loop-handle-brush-cutter,UMK435 Loop Handle Brush Cutter,,,UMK435ULGUT,https://www.hondaoutdoors.co.nz/umk435-loop-handle
honda-hpm18200-lawn-mower,Honda HPM18200 Lawn Mower,,999,HPM18200,https://www.hondaoutdoors.co.nz/hpm18200
honda-gx630-horizontal-shaft-v-twin-engine,Honda GX630 Horizontal Shaft V-Twin Engine,,,GX630RHQZB3,https://www.hondaoutdoors.co.nz/gx630
honda-bf23-portable-outboard,Honda BF2.3 Portable Outboard,,,HONDA-BF23-PORTABLE-OUTBOARD,https://www.hondamarine.co.nz/bf23
eu10i-red-cover,EU10i Red Cover,,100,EU10I-RED-COVER,https://www.hondaoutdoors.co.nz/eu10i-red-cover
honda-bf15-marine-outboard-motor,Honda BF15 Marine Outboard Motor,,,HONDA-BF15-MARINE-OUTBOARD-MOTOR,https://www.hondamarine.co.nz/bf15
honda-frc800k1-tiller,Honda FRC800K1 Tiller,,,FRC800K1,https://www.hondaoutdoors.co.nz/frc800k1
veethree-digital-tacho,Veethree Digital Tacho,,745,VEETHREE-DIGITAL-TACHO,https://www.hondamarine.co.nz/veethree-digital-tacho
honda-bf100-outboard-motor,Honda BF100 Outboard Motor,,,HONDA-BF100-OUTBOARD-MOTOR,https://www.hondamarine.co.nz/bf100
eu10i-generator-service-kit,EU10i Generator Service Kit,,30,EU10I-GENERATOR-SERVICE-KIT,https://www.hondaoutdoors.co.nz/eu10i-generator-service-kit
36v-4ah-battery,36V 4AH Battery,,249,36V-4AH-BATTERY,https://www.hondaoutdoors.co.nz/36v-4ah-battery
gxv690-vertical-shaft-engine,GXV690 Vertical Shaft Engine,,,GXV690RHTAF,https://www.hondaoutdoors.co.nz/gxv690
honda-bf50-outboard-motor,Honda BF50 Outboard Motor,,,BF50,https://www.hondamarine.co.nz/bf50
hhb36bxb-battery-blower,HHB36BXB Battery Blower,,349,HHB36BXBE75,https://www.hondaoutdoors.co.nz/hhb36bxb-battery-blower
round-trimmer-line-20mm-x-62m,Round Trimmer Line (2.0mm x 62m),,25,ROUND-TRIMMER-LINE-20MM-X-62M,https://www.hondaoutdoors.co.nz/round-trimmer-line-20mm-x-62m
honda-hru19m2-premium-domestic-push-lawn-mower,Honda HRU19M2 Premium Domestic Push Lawn Mower,,1399,HRU19M2PKUH,https://www.hondaoutdoors.co.nz/hru19m2
honda-gxv390-vertical-shaft-engine,Honda GXV390 Vertical Shaft Engine,,,GXV390,https://www.hondaoutdoors.co.nz/gxv390
36v-6ah-battery,36V 6AH Battery,,349,36V-6AH-BATTERY,https://www.hondaoutdoors.co.nz/36v-6ah-battery
two-piece-ignition-switch-mechanical,Two Piece Ignition Switch (Mechanical),,291,TWO-PIECE-IGNITION-SWITCH-MECHANICAL,https://www.hondamarine.co.nz/two-piece-ignition-switch-mechanical
hhh36bxb-battery-hedge-trimmer,HHH36BXB Battery Hedge Trimmer,,429,HHH36BXB,https://www.hondaoutdoors.co.nz/hhh36bxb-battery-hedge-trimmer
round-trimmer-line-20mm-x-30m,Round Trimmer Line (2.0mm x 30m),,13,ROUND-TRIMMER-LINE-20MM-X-30M,https://www.hondaoutdoors.co.nz/round-trimmer-line-20mm-x-30m
honda-gx120-horizontal-shaft-engine,Honda GX120 Horizontal Shaft Engine,,,GX120,https://www.hondaoutdoors.co.nz/gx120
flush-side-mount-remote-drive-by-wire-d-series,Flush Side Mount Remote (Drive By Wire D-Series),,1795,FLUSH-SIDE-MOUNT-REMOTE-DRIVE-BY-WIRE-D-SERIES,https://www.hondamarine.co.nz/flush-side-mount-remote-drive-by-wire
standard-side-mount-remote-w-trolling-switch-mechanical,Standard Side Mount Remote w Trolling Switch (Mechanical),,695,STANDARD-SIDE-MOUNT-REMOTE-W-TROLLING-SWITCH-MECHANICAL,https://www.hondamarine.co.nz/standard-side-mount-remote-w-trolling-switch
honda-gx200-horizontal-shaft-engine,Honda GX200 Horizontal Shaft Engine,,,GX200,https://www.hondaoutdoors.co.nz/gx200
cb750-hornet-handle-holder,CB750 Hornet Handle Holder,,232,08F71MLBD00,https://www.hondamotorbikes.co.nz/08f71mlbd00
hru196m2-full-4-blade-kit-with-bolts-2x-hi-2x-lo,"HRU196M2 Full 4 Blade Kit with Bolts (2x HI, 2x LO)",,33,06720VK0600,https://www.hondaoutdoors.co.nz/hru196m2-full-4-blade-kit
wx10-1-water-pump,"WX10 1"" Water Pump",,849,WX10TU,https://www.hondaoutdoors.co.nz/wx10-portable-pump
honda-bf20-outboard-motor,Honda BF20 Outboard Motor,,,HONDA-BF20-OUTBOARD-MOTOR,https://www.hondamarine.co.nz/bf20
home-start-kit-for-eu70is-with-32amp-plug,Home Start Kit for EU70iS with 32Amp Plug,,1500,HOME-START-KIT-FOR-EU70IS-WITH-32AMP-PLUG,https://www.hondaoutdoors.co.nz/home-start-kit-for-eu70is
eu30is-cover,EU30iS Cover,,140,EU30IS-COVER,https://www.hondaoutdoors.co.nz/eu30is-cover
honda-gxv160-vertical-shaft-engine,Honda GXV160 Vertical Shaft Engine,,,GXV160,https://www.hondaoutdoors.co.nz/gxv160
honda-versattach-brush-cutter-attachment,Honda VersAttach® Brush Cutter Attachment,,149,SSBCUBC1,https://www.hondaoutdoors.co.nz/versatool-brush-cutter-attachment
lawn-mower-service-kit-hru196-hru196d-hru216d,"Lawn Mower Service Kit (HRU196, HRU196D, HRU216D)",,60,LAWN-MOWER-SERVICE-KIT-HRU196-HRU196D-HRU216D,https://www.hondaoutdoors.co.nz/lawn-mower-service-kit-1-suits-hru196-hru196d-hru216d
flush-side-mount-remote-mechanical,Flush Side Mount Remote (Mechanical),,595,FLUSH-SIDE-MOUNT-REMOTE-MECHANICAL,https://www.hondamarine.co.nz/flush-side-mount-remote-mechanical
standard-side-mount-remote-mechanical,Standard Side Mount Remote (Mechanical),,595,STANDARD-SIDE-MOUNT-REMOTE-MECHANICAL,https://www.hondamarine.co.nz/standard-side-mount-remote-mechanical
gxv630-engine,GXV630 Engine,,,GXV630RHQAF,https://www.hondaoutdoors.co.nz/gxv630
round-trimmer-line-27mm-x-68m,Round Trimmer Line (2.7mm x 68m),,40,ROUND-TRIMMER-LINE-27MM-X-68M,https://www.hondaoutdoors.co.nz/round-trimmer-line-27mm-x-68m
gx50-engine,GX50 Engine,,,GX50,https://www.hondaoutdoors.co.nz/engines/gx50
unknown,unknown,,,UNKNOWN,https://www.hondaoutdoors.co.nz/6ah-lithium-ion-battery
bluebird-cs-22-04-battery-pruner,Bluebird CS 22-04 Battery Pruner,,299,BLUEBIRD-CS-22-04-BATTERY-PRUNER,https://www.hondaoutdoors.co.nz/bluebird-cs2204-battery-pruner
qp205-2-high-pressure-pump,QP205 2” High Pressure Pump,,,QP205,https://www.hondaoutdoors.co.nz/qp205-2-high-pressure-pump
bf8-bf9-bf10-vented-cover,"BF8, BF9, BF10 Vented Cover",,120,BF8-BF9-BF10-VENTED-COVER,https://www.hondamarine.co.nz/bf8-bf9-bf10-vented-cover
5-litre-plastic-fuel-container,5 Litre Plastic Fuel Container,,20,5-LITRE-PLASTIC-FUEL-CONTAINER,https://www.hondaoutdoors.co.nz/5-litre-plastic-fuel-container
analogue-speedo-gauge,Analogue Speedo Gauge,,295,ANALOGUE-SPEEDO-GAUGE,https://www.hondamarine.co.nz/analogue-speedo-gauge
generator-mat,Generator Mat,,65,GENERATOR-MAT,https://www.hondaoutdoors.co.nz/generator-mat
switch-panel-single-start-button,"Switch Panel, Single Start Button",,131,SWITCH-PANEL-SINGLE-START-BUTTON,https://www.hondamarine.co.nz/switch-panel-single-start-button
tow-hitch-for-honda-ride-on-hf2315-hf2417-hf2622,"Tow Hitch for Honda Ride-on HF2315, HF2417, HF2622",,150,TOW-HITCH-FOR-HONDA-RIDE-ON-HF2315-HF2417-HF2622,https://www.hondaoutdoors.co.nz/tow-hitch-for-ride-ons
eu32i-inverter-generator,EU32i Inverter Generator,,,EU32IU,https://www.hondaoutdoors.co.nz/eu32i
honda-crf150r,Honda CRF150R,,9995,HONDA-CRF150R,https://www.hondamotorbikes.co.nz/crf150r
honda-rpp2pumpe-2-light-chemical-pump-with-electric-start,"Honda RPP2PUMPE 2"" Light Chemical Pump with Electric Start",,1999,RPP2PUMPE,https://www.hondaoutdoors.co.nz/rpp2pumpe
honda-bf10-outboard-motor,Honda BF10 Outboard Motor,,,HONDA-BF10-OUTBOARD-MOTOR,https://www.hondamarine.co.nz/bf10
honda-hrx217-premium-domestic-self-propelled-lawn-mower,Honda HRX217 Premium Domestic Self Propelled Lawn Mower,,2399,HRX217K6HYUA,https://www.hondaoutdoors.co.nz/hrx217
hht36-battery-powered-brush-cutter,HHT36 Battery Powered Brush Cutter,,549,HHT36AXBEUE,https://www.hondaoutdoors.co.nz/hht36-brush-cutter
honda-eu30is-inverter-generator,Honda EU30iS Inverter Generator,,4899,EU30IS1U,https://www.hondaoutdoors.co.nz/eu30is
twin-binnacle-console-remote-drive-by-wire-d-series,Twin Binnacle Console Remote (Drive By Wire D-Series),,2102,TWIN-BINNACLE-CONSOLE-REMOTE-DRIVE-BY-WIRE-D-SERIES,https://www.hondamarine.co.nz/twin-binnacle-console-mount-drive-by-wire
honda-mfd-70-digital-display-bf40-bf250,Honda MFD 7.0 Digital Display (BF40-BF250),,1234,HONDA-MFD-70-DIGITAL-DISPLAY-BF40-BF250,https://www.hondamarine.co.nz/honda-mfd-70-digital-display-bf40-bf250
vmh35-hybrid-display,VMH35 Hybrid Display,,995,VMH35-HYBRID-DISPLAY,https://www.hondamarine.co.nz/vmh35-display
izy-on-hrg416-16-battery-powered-lawn-mower,"IZY-ON™ HRG416 16"" Battery Powered Lawn Mower",,699,HRG416,https://www.hondaoutdoors.co.nz/hrg416
21-high-lift-lawnmower-blades-hru216d-hru217d-hrj216,"21"" High Lift Lawnmower Blades (HRU216D, HRU217D & HRJ216)",,20,21-HIGH-LIFT-LAWNMOWER-BLADES-HRU216D-HRU217D-HRJ216,https://www.hondaoutdoors.co.nz/21-high-lift-lawnmower-blades-pair-hru216d-hru217d-hrj216
bluebird-ps22-18-pruning-shear,Bluebird PS22-18 Pruning Shear,,189,PS22-18,https://www.hondaoutdoors.co.nz/bluebird-ps2218-pruning-shear
round-trimmer-line-24mm-x-21m,Round Trimmer Line (2.4mm x 21m),,13,ROUND-TRIMMER-LINE-24MM-X-21M,https://www.hondaoutdoors.co.nz/round-trimmer-line-24mm-x-21m
umk425-loop-handle-25cc-brushcutter,UMK425 Loop Handle 25cc Brushcutter,,699,UMK425ULTUT,https://www.hondaoutdoors.co.nz/umk425-loop-handle
4-tooth-metal-blade-curved-cutting-edge-umc-and-umk,4-Tooth Metal Blade - Curved Cutting Edge (UMC and UMK),,50,4-TOOTH-METAL-BLADE-CURVED-CUTTING-EDGE-UMC-AND-UMK,https://www.hondaoutdoors.co.nz/4-tooth-metal-blade-curved-cutting-edge
honda-marine-hutchwilco-life-jacket,Honda Marine Hutchwilco Life Jacket,,150,HONDA-MARINE-HUTCHWILCO-LIFE-JACKET,https://www.hondamarine.co.nz/honda-marine-hutchwilco-life-jacket
19-high-lift-lawnmower-blades-pair-wbolts-hru19d-hru196d-hrj196,"19"" High Lift Lawnmower Blades (Pair) w/Bolts (HRU19D, HRU196D & HRJ196)",,18,19-HIGH-LIFT-LAWNMOWER-BLADES-PAIR-WBOLTS-HRU19D-HRU196D-HRJ196,https://www.hondaoutdoors.co.nz/19-high-lift-lawnmower-blades-pair-hru19d-hru196d-hrj196
honda-versattach-blower-attachment,Honda VersAttach® Blower Attachment,,209,SSBLU1,https://www.hondaoutdoors.co.nz/versatool-blower-attachment
8-tooth-metal-blade-umc-and-umk,8-Tooth Metal Blade (UMC and UMK),,55,8-TOOTH-METAL-BLADE-UMC-AND-UMK,https://www.hondaoutdoors.co.nz/8-tooth-metal-blade
analogue-fuel-gauge,Analogue Fuel Gauge,,95,ANALOGUE-FUEL-GAUGE,https://www.hondamarine.co.nz/analogue-fuel-gauge
izy-on-hrg466-mower,IZY-ON™ HRG466 Mower,,899,HRG466,https://www.hondaoutdoors.co.nz/hrg466
honda-bf60-outboard-motor,Honda BF60 Outboard Motor,,,HONDA-BF60-OUTBOARD-MOTOR,https://www.hondamarine.co.nz/bf60
pioneer-520-chainsaw-mount,Pioneer 520 Chainsaw Mount,,544,PIONEER-520-CHAINSAW-MOUNT,https://www.hondamotorbikes.co.nz/honda-genuine-accessories/0sc13hl5a00
hp500-power-carrier,HP500 Power Carrier,,10299,HP500HK2BXE1,https://www.hondaoutdoors.co.nz/hp500
4-tooth-metal-blade-straight-cutting-edge-umc-and-umk,4-Tooth Metal Blade - Straight Cutting Edge (UMC and UMK),,50,4-TOOTH-METAL-BLADE-STRAIGHT-CUTTING-EDGE-UMC-AND-UMK,https://www.hondaoutdoors.co.nz/4-tooth-metal-blade-straight-cutting-edge
4-amp-battery-fast-charger-combo,4 Amp Battery & Fast Charger Combo,,,4-AMP-BATTERY-FAST-CHARGER-COMBO,https://www.hondaoutdoors.co.nz/4-amp-battery-charger-combo
bf15-bf20-vented-cover,"BF15, BF20 Vented Cover",,130,BF15-BF20-VENTED-COVER,https://www.hondamarine.co.nz/bf15-bf20-vented-cover
honda-10w30-oil-1-litre-bottle,"Honda 10W/30 Oil, 1 Litre Bottle",,19,HONDA-10W30-OIL-1-LITRE-BOTTLE,https://www.hondaoutdoors.co.nz/honda-10w30-oil-1-litre-bottle
bf30-vented-cover,BF30 Vented Cover,,140,BF30-VENTED-COVER,https://www.hondamarine.co.nz/bf30-vented-cover
trx420fm2,TRX420FM2,,19544,TRX420FM2,https://www.hondamotorbikes.co.nz/trx420fm2
honda-crf250f,Honda CRF250F,,10344,HONDA-CRF250F,https://www.hondamotorbikes.co.nz/crf250f
honda-ct125-farm,Honda CT125 Farm,,,HONDA-CT125-FARM,https://www.hondamotorbikes.co.nz/ct125-farm
honda-xr150l,Honda XR150L,,5514,HONDA-XR150L,https://www.hondamotorbikes.co.nz/xr150l
trx520fa7,TRX520FA7,,24949,TRX520FA7,https://www.hondamotorbikes.co.nz/trx520fa7
honda-versattach-short-hedge-trimmer-attachment,Honda VersAttach® Short Hedge Trimmer Attachment,,399,SSHHSUHC1,https://www.hondaoutdoors.co.nz/versatool-short-hedge-trimmer-attachment
honda-gx50-horizontal-shaft-engine,Honda GX50 Horizontal Shaft Engine,,,GX50,https://www.hondaoutdoors.co.nz/gx50
phb50-post-hole-borer,PHB50 Post Hole Borer,,1699,PHB50,https://www.hondaoutdoors.co.nz/phb50
trx520fm2,TRX520FM2,,22994,TRX520FM2,https://www.hondamotorbikes.co.nz/trx520fm2
honda-brushcutter-chaps,Honda Brushcutter Chaps,,70,L08BC007B,https://www.hondaoutdoors.co.nz/honda-brushcutter-chaps
small-speed-feed-head-heavy-duty-w4,Small Speed Feed Head - Heavy Duty W4,,55,72560UMS0W4,https://www.hondaoutdoors.co.nz/small-speed-feed-head-heavy-duty-w4-ums425
4-auger-100-x-800mm,"4"" Auger (100 x 800mm)",,265,720040,https://www.hondaoutdoors.co.nz/auger-4-100-x-800mm
honda-bf115-outboard-motor,Honda BF115 Outboard Motor,,,BF115,https://www.hondamarine.co.nz/bf115
hhh36-battery-powered-hedge-trimmer,HHH36 Battery Powered Hedge Trimmer,,479,HHH36-BATTERY-POWERED-HEDGE-TRIMMER,https://www.hondaoutdoors.co.nz/hhh36-hedge-trimmer
ums425-loop-handle-curved-shaft-line-trimmer,UMS425 Loop Handle Curved Shaft Line Trimmer,,499,UMS425UDLTU2,https://www.hondaoutdoors.co.nz/ums425-loop-handle-curved-shaft
honda-gx690-horizontal-shaft-v-twin-engine,Honda GX690 Horizontal Shaft V-Twin Engine,,,GX690,https://www.hondaoutdoors.co.nz/gx690
honda-bf80-outboard-motor,Honda BF80 Outboard Motor,,,BF80,https://www.hondamarine.co.nz/bf80
eu70-liftinghanging-hook,EU70 Lifting/Hanging Hook,,65,EU70-LIFTINGHANGING-HOOK,https://www.hondaoutdoors.co.nz/eu70-liftinghanging-hook
honda-gx390-horizontal-shaft-engine,Honda GX390 Horizontal Shaft Engine,,,GX390,https://www.hondaoutdoors.co.nz/gx390
honda-xrm125-farm-bike,Honda XRM125 Farm Bike,,,HONDA-XRM125-FARM-BIKE,https://www.hondamotorbikes.co.nz/xrm125
honda-rpp3pump-self-priming-centrifugal-light-chemical-pump,Honda RPP3PUMP Self-Priming Centrifugal Light Chemical Pump,,1699,RPP3PUMP,https://www.hondaoutdoors.co.nz/rpp3pump
bf4-bf5-bf6-vented-cover,"BF4, BF5, BF6 Vented Cover",,110,BF4-BF5-BF6-VENTED-COVER,https://www.hondamarine.co.nz/bf4-bf5-bf6-vented-cover
hf2625-ride-on-mower,HF2625 Ride On Mower,,11999,HF2625-RIDE-ON-MOWER,https://www.hondaoutdoors.co.nz/hf2625
round-trimmer-line-24mm-x-43m,Round Trimmer Line (2.4mm x 43m),,25,ROUND-TRIMMER-LINE-24MM-X-43M,https://www.hondaoutdoors.co.nz/round-trimmer-line-24mm-x-43m
honda-high-vis-safety-vest,Honda High-Vis Safety Vest,,22,HONDA-HIGH-VIS-SAFETY-VEST,https://www.hondaoutdoors.co.nz/high-vis-safety-vest
eu20-eu22-red-cover,EU20 / EU22 Red Cover,,110,EU20-EU22-RED-COVER,https://www.hondaoutdoors.co.nz/eu20eu22-red-cover
flush-mount-remote-bf115-bf350-drive-by-wire,Flush Mount Remote (BF115-BF350 Drive By Wire),,2695,FLUSH-MOUNT-REMOTE-BF115-BF350-DRIVE-BY-WIRE,https://www.hondamarine.co.nz/flush-mount-remote-drive-by-wire
cbr650r-cb650r-seat-cowl-plate,CBR650R / CB650R Seat Cowl Plate,,137,CBR650R-CB650R-SEAT-COWL-PLATE,https://www.hondamotorbikes.co.nz/honda-genuine-accessories/08f76mknd50
eu32i-cover,EU32i Cover,,140,EU32I-COVER,https://www.hondaoutdoors.co.nz/eu32i-cover
pioneer-520-warn-vrx-25-winch,Pioneer 520 Warn® VRX 25 Winch,,924,08L71HL5E61,https://www.hondamotorbikes.co.nz/08l71hl5e61
bf75-outboard-motor,BF75 Outboard Motor,,,BF75-OUTBOARD-MOTOR,https://www.hondamarine.co.nz/bf75
honda-bf250-outboard-motor,Honda BF250 Outboard Motor,,,BF250,https://www.hondamarine.co.nz/bf250
3-tooth-metal-blade-umc-and-umk,3-Tooth Metal Blade (UMC and UMK),,55,3-TOOTH-METAL-BLADE-UMC-AND-UMK,https://www.hondaoutdoors.co.nz/3-tooth-metal-blade
honda-brutility-gloves,Honda Brutility Gloves,,,HONDA-BRUTILITY-GLOVES,https://www.hondaoutdoors.co.nz/honda-brutility-gloves
10-auger-250-x-800mm,"10"" Auger (250 x 800mm)",,432,727430,https://www.hondaoutdoors.co.nz/auger-10-250-x-800mm
up650-2-high-pressure-water-pump,UP650 2” High Pressure Water Pump,,1699,UP650MF,https://www.hondaoutdoors.co.nz/up650-2-high-pressure-pump
400mm-extension-for-phb35-phb50,400mm Extension for PHB35 & PHB50,,152,750360,https://www.hondaoutdoors.co.nz/extension-for-phb35-phb50-400mm
round-trimmer-line-24mm-x-193m,Round Trimmer Line (2.4mm x 193m),,60,ROUND-TRIMMER-LINE-24MM-X-193M,https://www.hondaoutdoors.co.nz/round-trimmer-line-24mm-x-193m
parallel-connection-cord-for-joining-2x-eu10it-2x-eu20it-2-x-eu22it,"Parallel Connection Cord (For Joining – 2x EU10IT, 2x EU20IT, 2 x EU22IT)",,260,23360ZC3000L,https://www.hondaoutdoors.co.nz/parallel-patching-cord-for-joining-2x-eu10it-2x-eu20it-2-x-eu22it
gcv200-engine,GCV200 Engine,,,GCV200-ENGINE,https://www.hondaoutdoors.co.nz/gcv200
honda-bf30-outboard-motor,Honda BF30 Outboard Motor,,,HONDA-BF30-OUTBOARD-MOTOR,https://www.hondamarine.co.nz/bf30
honda-hru216m3-lawn-mower,Honda HRU216M3 Lawn Mower,,2399,HRU216M3TBUH,https://www.hondaoutdoors.co.nz/hru216m3
bf23-vented-cover,BF2.3 Vented Cover,,100,BF23-VENTED-COVER,https://www.hondamarine.co.nz/bf23-vented-cover
eu70is-cover,EU70iS Cover,,150,EU70IS-COVER,https://www.hondaoutdoors.co.nz/eu70is-cover
honda-versattach-pruner-attachment,Honda VersAttach® Pruner Attachment,,419,SSPPU1,https://www.hondaoutdoors.co.nz/versatool-pruner-attachment
eu20-eu22-dust-cover,EU20 / EU22 Dust Cover,,65,EU20-EU22-DUST-COVER,https://www.hondaoutdoors.co.nz/eu20-eu22-dust-cover
honda-175-litre-pop-up-grass-bag,Honda 175 Litre Pop Up Grass Bag,,25,HONDA-175-LITRE-POP-UP-GRASS-BAG,https://www.hondaoutdoors.co.nz/honda-175-litre-pop-up-grass-bag
hf2417-ride-on-mower,HF2417 Ride On Mower,,10299,HF2417,https://www.hondaoutdoors.co.nz/hf2417
honda-gp200-horizontal-shaft-engine,Honda GP200 Horizontal Shaft Engine,,,GP200,https://www.hondaoutdoors.co.nz/gp200
wheel-kit-4-wheels-for-eg-generators,Wheel Kit (4-Wheels) for EG Generators,,330,WHEEL-KIT-4-WHEELS-FOR-EG-GENERATORS,https://www.hondaoutdoors.co.nz/wheel-kit-4-wheels-for-eg-generator-range
honda-xr190-fuel-injected-farm-favourite,Honda XR190 Fuel-Injected Farm Favourite,,7124,HONDA-XR190-FUEL-INJECTED-FARM-FAVOURITE,https://www.hondamotorbikes.co.nz/xr190l
hhc36bxb-battery-chainsaw,HHC36BXB Battery Chainsaw,,499,HHC36BXB,https://www.hondaoutdoors.co.nz/hhc36bxb-battery-chainsaw
fuel-stabilizer-236ml-bottle,Fuel Stabilizer 236ml Bottle,,27,FUEL-STABILIZER-236ML-BOTTLE,https://www.hondaoutdoors.co.nz/fuel-stabilizer-236ml-bottle
12-auger-300-x-800mm,"12"" Auger (300 x 800mm)",,579,732110,https://www.hondaoutdoors.co.nz/auger-12-300-x-800mm
honda-security-cable,Honda Security Cable,,25,HONDA-SECURITY-CABLE,https://www.hondaoutdoors.co.nz/security-cable
eu10i-dust-cover,EU10i Dust Cover,,65,EU10I-DUST-COVER,https://www.hondaoutdoors.co.nz/eu10i-dust-cover
round-trimmer-line-27mm-x-153m,Round Trimmer Line (2.7mm x 153m),,75,ROUND-TRIMMER-LINE-27MM-X-153M,https://www.hondaoutdoors.co.nz/round-trimmer-line-27mm-x-153m
analogue-trim-gauge,Analogue Trim Gauge,,195,ANALOGUE-TRIM-GAUGE,https://www.hondamarine.co.nz/analogue-trim-gauge
trx420fm1,TRX420FM1,,17704,TRX420FM1,https://www.hondamotorbikes.co.nz/trx420fm1
bf75-bf80-bf90-bf100-vented-cover,"BF75, BF80, BF90, BF100 Vented Cover",,210,BF75-BF80-BF90-BF100-VENTED-COVER,https://www.hondamarine.co.nz/bf75-bf80-bf90-bf100-vented-cover
honda-gx270-horizontal-shaft-engine,Honda GX270 Horizontal Shaft Engine,,,HONDA-GX270-HORIZONTAL-SHAFT-ENGINE,https://www.hondaoutdoors.co.nz/gx270
round-trimmer-line-24mm-x-87m,Round Trimmer Line (2.4mm x 87m),,40,ROUND-TRIMMER-LINE-24MM-X-87M,https://www.hondaoutdoors.co.nz/round-trimmer-line-24mm-x-87m
switch-panel-triple-rig-start-button,"Switch Panel, Triple Rig Start Button",,281,SWITCH-PANEL-TRIPLE-RIG-START-BUTTON,https://www.hondamarine.co.nz/switch-panel-triple-rig-start-button
honda-hhb25-blower,Honda HHB25 Blower,,599,HHB25U,https://www.hondaoutdoors.co.nz/hhb25-blower
umk450-bull-handle-brush-cutter,UMK450 Bull Handle Brush Cutter,,,UMK450TU3UT,https://www.hondaoutdoors.co.nz/umk450-bull-handle
honda-pioneer-700-4p-side-by-side,Honda Pioneer 700-4P Side by Side,,32539,HONDA-PIONEER-700-4P-SIDE-BY-SIDE,https://www.hondamotorbikes.co.nz/pioneer-700-4p
cmx500-rebel,CMX500 Rebel,,,CMX500-REBEL,https://www.hondamotorbikes.co.nz/cmx500-rebel
honda-nt1100-touring-motorcycle,Honda NT1100 Touring Motorcycle,,,HONDA-NT1100-TOURING-MOTORCYCLE,https://www.hondamotorbikes.co.nz/nt1100
crf1100-africa-twin-adventure-sports-es,CRF1100 Africa Twin Adventure Sports ES,,,CRF1100-AFRICA-TWIN-ADVENTURE-SPORTS-ES,https://www.hondamotorbikes.co.nz/crf1100-africa-twin-adventure-sports
honda-pioneer-1000-5p-forest-side-by-side,Honda Pioneer 1000-5P Forest Side-by-Side,,,HONDA-PIONEER-1000-5P-FOREST-SIDE-BY-SIDE,https://www.hondamotorbikes.co.nz/pioneer-1000-5p-forest
pioneer-1000-3p-deluxe,Pioneer 1000-3P Deluxe,,37944,PIONEER-1000-3P-DELUXE,https://www.hondamotorbikes.co.nz/pioneer-1000-3p-deluxe
honda-cl500-scrambler,Honda CL500 Scrambler,,9995,HONDA-CL500-SCRAMBLER,https://www.hondamotorbikes.co.nz/cl500-scrambler
pioneer-1000-3p-forest,Pioneer 1000-3P Forest,,39957,PIONEER-1000-3P-FOREST,https://www.hondamotorbikes.co.nz/pioneer-1000-3p-forest
pioneer-1000-5p-trail,Pioneer 1000-5P Trail,,43982,PIONEER-1000-5P-TRAIL,https://www.hondamotorbikes.co.nz/pioneer-1000-5p-trail
honda-pioneer-700-2p-side-by-side,Honda Pioneer 700-2P Side-by-Side,,29664,HONDA-PIONEER-700-2P-SIDE-BY-SIDE,https://www.hondamotorbikes.co.nz/pioneer-700-2p
honda-pioneer-520-2p,Honda Pioneer 520-2P,,25064,HONDA-PIONEER-520-2P,https://www.hondamotorbikes.co.nz/pioneer-520-2p
honda-gold-wing-bagger,Honda Gold Wing Bagger,,,HONDA-GOLD-WING-BAGGER,https://www.hondamotorbikes.co.nz/goldwing-bagger
pioneer-1000-5p-deluxe,Pioneer 1000-5P Deluxe,,40819,PIONEER-1000-5P-DELUXE,https://www.hondamotorbikes.co.nz/pioneer-1000-5p-deluxe
honda-crf50f-off-road-motorcycle,Honda CRF50F Off-Road Motorcycle,,,HONDA-CRF50F-OFF-ROAD-MOTORCYCLE,https://www.hondamotorbikes.co.nz/crf50f
cbr500r,CBR500R,,,CBR500R,https://www.hondamotorbikes.co.nz/cbr500r
honda-ct125-hunter,Honda CT125 Hunter,,,HONDA-CT125-HUNTER,https://www.hondamotorbikes.co.nz/ct125-hunter
crf250r,CRF250R,,,CRF250R,https://www.hondamotorbikes.co.nz/crf250r
crf300-rally,CRF300 Rally,,,CRF300-RALLY,https://www.hondamotorbikes.co.nz/crf300l-rally
crf1100-africa-twin-dct-es,CRF1100 Africa Twin DCT ES,,,CRF1100-AFRICA-TWIN-DCT-ES,https://www.hondamotorbikes.co.nz/crf1100-africa-twin-dct-es
honda-msx125-grom,Honda MSX125 Grom,,6395,HONDA-MSX125-GROM,https://www.hondamotorbikes.co.nz/msx125-grom
pioneer-1000-3p-trail,Pioneer 1000-3P Trail,,40532,PIONEER-1000-3P-TRAIL,https://www.hondamotorbikes.co.nz/pioneer-1000-3p-trail
crf450rx,CRF450RX,,,CRF450RX,https://www.hondamotorbikes.co.nz/crf450rx
honda-talon-1000r,Honda Talon 1000R,,41295,HONDA-TALON-1000R,https://www.hondamotorbikes.co.nz/talon-r
cmx500-rebel-s,CMX500 Rebel S,,,CMX500-REBEL-S,https://www.hondamotorbikes.co.nz/cmx500-rebel-s
honda-gold-wing-tour,Honda Gold Wing Tour,,,HONDA-GOLD-WING-TOUR,https://www.hondamotorbikes.co.nz/goldwing-tour
honda-crf300l-motorcycle,Honda CRF300L Motorcycle,,,HONDA-CRF300L-MOTORCYCLE,https://www.hondamotorbikes.co.nz/crf300l
cbr1000rr-r-fireblade,CBR1000RR-R Fireblade,,,CBR1000RR-R-FIREBLADE,https://www.hondamotorbikes.co.nz/cbr1000rr-r-fireblade
honda-monkey-motorcycle,Honda Monkey Motorcycle,,,HONDA-MONKEY-MOTORCYCLE,https://www.hondamotorbikes.co.nz/monkey
honda-pioneer-1000-3p,Honda Pioneer 1000-3P,,36794,HONDA-PIONEER-1000-3P,https://www.hondamotorbikes.co.nz/pioneer-1000-3p
cbr650r,CBR650R,,,CBR650R,https://www.hondamotorbikes.co.nz/cbr650r
honda-crf450r,Honda CRF450R,,,HONDA-CRF450R,https://www.hondamotorbikes.co.nz/crf450r
honda-pcx160-scooter,Honda PCX160 Scooter,,,HONDA-PCX160-SCOOTER,https://www.hondamotorbikes.co.nz/pcx160
xl750-transalp,XL750 Transalp,,,XL750-TRANSALP,https://www.hondamotorbikes.co.nz/xl750-transalp
honda-dio-nsc110-scooter,Honda Dio NSC110 Scooter,,,HONDA-DIO-NSC110-SCOOTER,https://www.hondamotorbikes.co.nz/dio-nsc110
honda-msx125-grom-motorcycle,Honda MSX125 Grom Motorcycle,,,HONDA-MSX125-GROM-MOTORCYCLE,https://www.hondamotorbikes.co.nz/msx125-grom
honda-cb500-hornet-motorcycle,Honda CB500 Hornet Motorcycle,,,HONDA-CB500-HORNET-MOTORCYCLE,https://www.hondamotorbikes.co.nz/cb500-hornet
2025-honda-crf450x-off-road-motorcycle,2025 Honda CRF450X Off-Road Motorcycle,,,2025-HONDA-CRF450X-OFF-ROAD-MOTORCYCLE,https://www.hondamotorbikes.co.nz/crf450x
pioneer-1000-3p5p-hard-doors,Pioneer 1000-3P/5P Hard Doors,,7584,0SU95HL4GD0,https://www.hondamotorbikes.co.nz/honda-genuine-accessories/0su95hl4gd0
pioneer-1000-700-led-headlights,Pioneer 1000 / 700 LED Headlights,,1064,08V70HL4AK0,https://www.hondamotorbikes.co.nz/honda-genuine-accessories/pioneer-1000-700-led-headlights
africa-twin-comfort-seat-grand-blue,Africa Twin Comfort Seat Grand Blue,,317,08R71MLNE00ZB,https://www.hondamotorbikes.co.nz/honda-genuine-accessories/08r71mlne00zb
nc750x-grip-heaters,NC750X Grip Heaters,,477,08T70MKWD00,https://www.hondamotorbikes.co.nz/honda-genuine-accessories/08t70mkwd00
transalp-50l-top-box-base,Transalp 50L Top Box Base,,317,08L70MLCD00ZA,https://www.hondamotorbikes.co.nz/honda-genuine-accessories/08l70mlcd00za
africa-twin-adventure-sports-main-centre-stand,Africa Twin Adventure Sports Main (Centre) Stand,,424,08M70MLNEQ0,https://www.hondamotorbikes.co.nz/honda-genuine-accessories/08m70mlneq0
pioneer-700-4p-hard-midrear-panel-combines-with-extended-hard-roof,Pioneer 700-4P Hard Mid/Rear Panel (Combines With Extended Hard Roof),,1393,0SU95HL3104C,https://www.hondamotorbikes.co.nz/honda-genuine-accessories/0su95hl3104c
cb500f-meter-visor,CB500F Meter Visor,,211,08R70MLRD40,https://www.hondamotorbikes.co.nz/honda-genuine-accessories/08r70mlrd40
pioneer-700-1000-warn-vrx-45-winch,Pioneer 700 / 1000 Warn® VRX 45 Winch,,1131,08L71HL3A43,https://www.hondamotorbikes.co.nz/honda-genuine-accessories/08l71hl3a43
pioneer-1000-3p-hard-midrear-panel,Pioneer 1000-3P Hard Mid/Rear Panel,,1506,0SU95HL4A30,https://www.hondamotorbikes.co.nz/honda-genuine-accessories/0su95hl4a30
cbr650r-tank-pad-cbr-logo,CBR650R Tank Pad (CBR Logo),,73,08P82MKRD10,https://www.hondamotorbikes.co.nz/honda-genuine-accessories/08p82mkrd10
nc750x-rear-carrier-resin-silver,NC750X Rear Carrier (Resin) Silver,,689,08L70MKWD00ZB,https://www.hondamotorbikes.co.nz/honda-genuine-accessories/08l70mkwd00zb
kit-grip-heater-attachment,Kit - Grip Heater & Attachment,,825,KIT-GRIP-HEATER-ATTACHMENT,https://www.hondamotorbikes.co.nz/honda-genuine-accessories/08t70mjna01
cbr650r-rear-seat-cowl-grand-prix-red,CBR650R Rear Seat Cowl - Grand Prix Red,,317,08F71MKYE20ZA,https://www.hondamotorbikes.co.nz/honda-genuine-accessories/08f71mkye20za
cl500-left-saddlebag-support-bracket,CL500 Left Saddlebag Support Bracket,,249,08L71K3SJA1,https://www.hondamotorbikes.co.nz/honda-genuine-accessories/08l71k3sja1
transalp-front-fog-light-attachment,Transalp Front Fog Light Attachment,,222,08V70MLCD00,https://www.hondamotorbikes.co.nz/honda-genuine-accessories/08v70mlcd00
pioneer-1000-3p-fabric-rear-panel,Pioneer 1000-3P Fabric Rear Panel,,410,0SR95HL4207B,https://www.hondamotorbikes.co.nz/honda-genuine-accessories/0sr95hl4207b
africa-twin-low-seat-black,Africa Twin Low Seat Black,,,08R73MKSE00ZC,https://www.hondamotorbikes.co.nz/honda-genuine-accessories/08r73mkse00zc
transalp-50l-top-box-pad-cushion-back-rest,Transalp 50L Top Box Pad (Cushion) Back Rest,,201,08R74MLFE00ZA,https://www.hondamotorbikes.co.nz/honda-genuine-accessories/08r74mlfe00za
nx500-12v-socket,NX500 12V Socket,,52,08U70MKPD80,https://www.hondamotorbikes.co.nz/honda-genuine-accessories/08u70mkpd80
pioneer-700-4p-hard-midrear-panel-combines-with-short-hard-roof,Pioneer 700-4P Hard Mid/Rear Panel (Combines With Short Hard Roof),,1393,0SU95HL3102C,https://www.hondamotorbikes.co.nz/honda-genuine-accessories/0su95hl3102c
pioneer-700-4p-hard-roof-extended,Pioneer 700-4P Hard Roof (Extended),,1264,0SR85HL3100,https://www.hondamotorbikes.co.nz/honda-genuine-accessories/0sr85hl3100
pioneer-520-accessory-sub-harness,Pioneer 520 Accessory Sub-Harness,,23,08Z08HL5A00,https://www.hondamotorbikes.co.nz/honda-genuine-accessories/08z08hl5a00
pioneer-520-mount-plate,Pioneer 520 Mount Plate,,226,0SL41HL5A00,https://www.hondamotorbikes.co.nz/honda-genuine-accessories/0sl41hl5a00
cbr650r-tank-side-sticker,CBR650R Tank Side Sticker,,63,08F72MKYE00ZA,https://www.hondamotorbikes.co.nz/honda-genuine-accessories/08f72mkye00za
nt1100-top-box-panel-50l-black,NT1100 Top Box Panel (50L) - Black,,308,08L82MKTD00ZL,https://www.hondamotorbikes.co.nz/honda-genuine-accessories/08l82mktd00zl
transalp-aluminium-panels-for-panniers-set,Transalp Aluminium Panels For Panniers Set,,232,08L80MKTD00,https://www.hondamotorbikes.co.nz/honda-genuine-accessories/08l80mktd00
pioner-1000-windshield-wiper-kit-2016-2023,Pioner 1000 Windshield Wiper Kit (2016-2023),,686,0SE10HL4500,https://www.hondamotorbikes.co.nz/honda-genuine-accessories/pioner-1000-windshield-wiper-kit
pioneer-700-glass-windshield,Pioneer 700 Glass Windshield,,2102,PIONEER-700-GLASS-WINDSHIELD,https://www.hondamotorbikes.co.nz/honda-genuine-accessories/0su95hl3a00
cl500-heated-grips,CL500 Heated Grips,,211,08T71K3SJA0,https://www.hondamotorbikes.co.nz/honda-genuine-accessories/08t71k3sja0
pioneer-520-fabric-doors-camo,Pioneer 520 Fabric Doors - Camo,,1445,0SR90HL5A01C,https://www.hondamotorbikes.co.nz/honda-genuine-accessories/0sr90hl5a01c
pioneer-520-hard-roof,Pioneer 520 Hard Roof,,1040,08R70HL5A01,https://www.hondamotorbikes.co.nz/honda-genuine-accessories/08r70hl5a01
cl500-left-saddlebag-large,CL500 Left Saddlebag (Large),,307,08L05K87A31,https://www.hondamotorbikes.co.nz/honda-genuine-accessories/08l05k87a31
africa-twin-aluminium-top-box-bracket,Africa Twin Aluminium Top Box Bracket,,477,08L80MKSE00,https://www.hondamotorbikes.co.nz/honda-genuine-accessories/08l80mkse00
pioneer-1000-aluminium-skid-plate-2016-2023,Pioneer 1000 Aluminium Skid Plate (2016-2023),,1082,08P71HL4F00,https://www.hondamotorbikes.co.nz/honda-genuine-accessories/pioneer-1000-aluminium-skid-plate
africa-twin-low-seat-grand-blue,Africa Twin Low Seat Grand Blue,,,08R73MKSE00ZB,https://www.hondamotorbikes.co.nz/honda-genuine-accessories/08r73mkse00zb
africa-twin-upper-deflector,Africa Twin Upper Deflector,,232,08R70MLNE00,https://www.hondamotorbikes.co.nz/honda-genuine-accessories/08r70mlne00
africa-twin-rally-step,Africa Twin Rally Step,,137,08R79MKSE00,https://www.hondamotorbikes.co.nz/honda-genuine-accessories/08r79mkse00
pioneer-1000-side-mirrors,Pioneer 1000 Side Mirrors,,317,0SV05HL4202,https://www.hondamotorbikes.co.nz/honda-genuine-accessories/0sv05hl4202
pioneer-1000-rearview-mirror,Pioneer 1000 Rearview Mirror,,222,0SV05HL4300,https://www.hondamotorbikes.co.nz/honda-genuine-accessories/0sv05hl4300
pioneer-1000-3p-hard-roof,Pioneer 1000-3P Hard Roof,,1302,0SR85HL4A30,https://www.hondamotorbikes.co.nz/honda-genuine-accessories/0sr85hl4a30
pioneer-520-bed-rack,Pioneer 520 Bed Rack,,675,0SE57HL5A00,https://www.hondamotorbikes.co.nz/honda-genuine-accessories/0se57hl5a00
cb500f-main-centre-stand,CB500F Main (Centre) Stand,,381,08M70MKPJ40,https://www.hondamotorbikes.co.nz/honda-genuine-accessories/08m70mkpj40
pioneer-1000-fuse-box-wiring-kit,Pioneer 1000 Fuse Box Wiring Kit,,244,PIONEER-1000-FUSE-BOX-WIRING-KIT,https://www.hondamotorbikes.co.nz/honda-genuine-accessories/0ss26hl4a00
cl500-rear-cushion-cover,CL500 Rear Cushion Cover,,52,08F73K3SJA0,https://www.hondamotorbikes.co.nz/honda-genuine-accessories/08f73k3sja0
pioneer-700-bed-extender,Pioneer 700 Bed Extender,,600,08L74HL3A41,https://www.hondamotorbikes.co.nz/honda-genuine-accessories/08l74hl3a41
pioneer-1000-5p-bed-extender,Pioneer 1000-5P Bed Extender,,810,08L71HL4A02,https://www.hondamotorbikes.co.nz/honda-genuine-accessories/08l71hl4a02
inner-bag-for-38l-top-box,Inner Bag For 38L Top Box,,126,08L75MJPG51,https://www.hondamotorbikes.co.nz/honda-genuine-accessories/08l75mjpg51
pioneer-1000-3p-bimini-top,Pioneer 1000-3P Bimini Top,,326,0SR85HL4322B,https://www.hondamotorbikes.co.nz/honda-genuine-accessories/pioneer-1000-3p-bimini-top
nx500-rear-carrier,NX500 Rear Carrier,,508,08L71MGZD80ZA,https://www.hondamotorbikes.co.nz/honda-genuine-accessories/08l71mgzd80za
pioneer-1000-aluminum-a-arm-guards-front,Pioneer 1000 Aluminum A-Arm Guards (Front),,501,08P70HL4AK0,https://www.hondamotorbikes.co.nz/honda-genuine-accessories/pioneer-1000-aluminum-a-arm-guards-front
africa-twin-33l-aluminium-pannier-right,Africa Twin 33L Aluminium Pannier (Right),,901,08L75MKSE00,https://www.hondamotorbikes.co.nz/honda-genuine-accessories/08l75mkse00
cbr500r-cb500f-top-box-inner-bag-25l,CBR500R / CB500F Top Box Inner Bag (25L),,137,08L09MGSD30,https://www.hondamotorbikes.co.nz/honda-genuine-accessories/08l09mgsd30
kit-front-side-pipe,Kit - Front Side Pipe,,317,KIT-FRONT-SIDE-PIPE,https://www.hondamotorbikes.co.nz/honda-genuine-accessories/08p71mkad80
cbr500r-grip-heater-attachment,CBR500R Grip Heater Attachment,,169,08T73MLRD00,https://www.hondamotorbikes.co.nz/honda-genuine-accessories/08t73mlrd00
nt1100-front-fog-lights-attachment,NT1100 Front Fog Lights Attachment,,466,08V70MLFE00,https://www.hondamotorbikes.co.nz/honda-genuine-accessories/08v70mlfe00
nt1100-africa-twin-comfort-pillion-steps,NT1100 / Africa Twin Comfort Pillion Steps,,105,08R71MJPG50,https://www.hondamotorbikes.co.nz/honda-genuine-accessories/08r71mjpg50
hand-grip-cement,Hand Grip Cement,,37,08CRDHGC23GHO,https://www.hondamotorbikes.co.nz/honda-genuine-accessories/08crdhgc23gho
cl500-heated-grips-attachment-kit,CL500 Heated Grips Attachment Kit,,222,08T70K3SJA0,https://www.hondamotorbikes.co.nz/honda-genuine-accessories/08t70k3sja0
pioneer-1000-3p5p-under-dash-storage-pocket,Pioneer 1000-3P/5P Under Dash Storage Pocket,,396,08L71HL4F00,https://www.hondamotorbikes.co.nz/honda-genuine-accessories/08l71hl4f00
pioneer-700-2p-hard-rear-panel,Pioneer 700-2P Hard Rear Panel,,1393,0SU95HL3102A,https://www.hondamotorbikes.co.nz/honda-genuine-accessories/0su95hl3102a
africa-twin-inner-bag-for-aluminium-top-box,Africa Twin Inner Bag For Aluminium Top Box,,126,08L82MKSE00,https://www.hondamotorbikes.co.nz/honda-genuine-accessories/08l82mkse00
transalp-knuckle-guard,Transalp Knuckle Guard,,243,08P77MLCD00,https://www.hondamotorbikes.co.nz/honda-genuine-accessories/transalp-knuckle-guard
transalp-radiator-grille,Transalp Radiator Grille,,211,08F74MLCD00,https://www.hondamotorbikes.co.nz/honda-genuine-accessories/transalp-radiator-grille
cbr500r-cb500f-rear-carrier,CBR500R / CB500F Rear Carrier,,636,08L72MKPJ00,https://www.hondamotorbikes.co.nz/honda-genuine-accessories/08l72mkpj00
pioneer-1000-3p-fabric-roof-rear-panel-black,Pioneer 1000-3P Fabric Roof / Rear Panel (Black),,643,0SR85HL4211A,https://www.hondamotorbikes.co.nz/honda-genuine-accessories/pioneer-1000-3p-fabric-roof-rear-panel-black
africa-twin-pannier-case-with-stripe,Africa Twin Pannier Case With Stripe,,2122,08L71MLNE00ZA,https://www.hondamotorbikes.co.nz/honda-genuine-accessories/08l71mlne00za
cbr650r-high-wind-screen-smoke-grey,CBR650R High Wind Screen Smoke Grey,,137,08R71MKND10,https://www.hondamotorbikes.co.nz/honda-genuine-accessories/08r71mknd10
pioneer-520-fabric-doors-black,Pioneer 520 Fabric Doors - Black,,1477,0SR90HL5A01B,https://www.hondamotorbikes.co.nz/honda-genuine-accessories/0sr90hl5a01b
pioneer-520-front-underhood-tray,Pioneer 520 Front Underhood Tray,,527,08L78HL5A00,https://www.hondamotorbikes.co.nz/honda-genuine-accessories/08l78hl5a00
africa-twin-37l-aluminium-pannier-left,Africa Twin 37L Aluminium Pannier (Left),,901,08L76MKSE00,https://www.hondamotorbikes.co.nz/honda-genuine-accessories/08l76mkse00
nc750x-pannier-support-stay,NC750X Pannier Support Stay,,370,08L71MKWD00,https://www.hondamotorbikes.co.nz/honda-genuine-accessories/08l71mkwd00
transalp-guard-attachment,Transalp Guard Attachment,,105,08P74MLCD00,https://www.hondamotorbikes.co.nz/honda-genuine-accessories/08p74mlcd00
pioneer-520-cab-frame-cargo-bag,Pioneer 520 Cab Frame Cargo Bag,,399,0SL57HL5101,https://www.hondamotorbikes.co.nz/honda-genuine-accessories/0sl57hl5101
nx500-3l-tank-bag,NX500 3L Tank Bag,,211,08L77MJPG51,https://www.hondamotorbikes.co.nz/honda-genuine-accessories/08l77mjpg51
pioneer-520-700-rearview-mirror,Pioneer 520 / 700 Rearview Mirror,,222,0SV05HL5201,https://www.hondamotorbikes.co.nz/honda-genuine-accessories/0sv05hl5201
nx500-main-centre-stand,NX500 Main (Centre) Stand,,381,08M70MKPJ80,https://www.hondamotorbikes.co.nz/honda-genuine-accessories/08m70mkpj80
africa-twin-radiator-grille,Africa Twin Radiator Grille,,381,08F71MKSE00,https://www.hondamotorbikes.co.nz/honda-genuine-accessories/08f71mkse00
transalp-quick-shifter,Transalp Quick Shifter,,530,08U70MLCD00,https://www.hondamotorbikes.co.nz/honda-genuine-accessories/08u70mlcd00
cb650r-meter-visor,CB650R Meter Visor,,237,08R70MKND50,https://www.hondamotorbikes.co.nz/honda-genuine-accessories/08r70mknd50
nt1100-panel-top-box-matte-iridium-grey-metallic,NT1100 Panel Top Box Matte Iridium Grey Metallic,,179,08L82MKTD00ZK,https://www.hondamotorbikes.co.nz/honda-genuine-accessories/08l82mktd00zk
pioneer-520-utility-basket,Pioneer 520 Utility Basket,,566,0SL63HR3A01,https://www.hondamotorbikes.co.nz/honda-genuine-accessories/0sl63hr3a01
heated-grips,Heated Grips,,370,08T72MLRD00,https://www.hondamotorbikes.co.nz/honda-genuine-accessories/08t72mlrd00
pioneer-1000-3p-front-fox-shocks,Pioneer 1000-3P Front Fox Shocks,,2557,08Z70HL4F50,https://www.hondamotorbikes.co.nz/honda-genuine-accessories/pioneer-1000-3p-front-fox-shocks
africa-twin-knuckle-guard-extension-power-red,Africa Twin Knuckle Guard Extension Power Red,,31,08P72MKSE00ZD,https://www.hondamotorbikes.co.nz/honda-genuine-accessories/africa-twin-knuckle-guard-extension-power-red
pioneer-1000-winch-mount-kit,Pioneer 1000 Winch Mount Kit,,932,08L72HL4AK1,https://www.hondamotorbikes.co.nz/honda-genuine-accessories/08l72hl4ak1
cbr500r-seat-cowl-grand-prix-red,CBR500R Seat Cowl Grand Prix Red,,370,08F76MJWJ00ZR GRAND PRIX RED *R380*,https://www.hondamotorbikes.co.nz/honda-genuine-accessories/08f76mjwj00zr
cbr500r-cb500f-35l-top-box,CBR500R / CB500F 35L Top Box,,402,08L72MJED00ZA,https://www.hondamotorbikes.co.nz/honda-genuine-accessories/08l72mjed00za
nt1100-comfort-pillion-seat,NT1100 Comfort Pillion Seat,,211,08R73MLFE00ZA,https://www.hondamotorbikes.co.nz/honda-genuine-accessories/08r73mlfe00za
nx500-front-side-pipes,NX500 Front Side Pipes,,689,08P70MLRD80ZA,https://www.hondamotorbikes.co.nz/honda-genuine-accessories/08p70mlrd80za
pioneer-1000-front-bumperbrush-guard,Pioneer 1000 Front Bumper/Brush Guard,,947,08P71HL4AK0,https://www.hondamotorbikes.co.nz/honda-genuine-accessories/08p71hl4ak0
pioneer-1000-700-plow-blade,Pioneer 1000 / 700 Plow Blade,,1648,0SL76HL4A00,https://www.hondamotorbikes.co.nz/honda-genuine-accessories/pioneer-1000-700-plow-blade
pioneer-700-glass-windshield-wiper-kit-and-washer,Pioneer 700 Glass Windshield Wiper Kit And Washer,,1128,0SE10HL3A00,https://www.hondamotorbikes.co.nz/honda-genuine-accessories/0se10hl3a00
pioneer-520-rear-cab-net,Pioneer 520 Rear Cab Net,,237,0SR95HL5200B,https://www.hondamotorbikes.co.nz/honda-genuine-accessories/0sr95hl5200b
pioneer-520-bed-rails,Pioneer 520 Bed Rails,,510,0SB18HL5A00,https://www.hondamotorbikes.co.nz/honda-genuine-accessories/0sb18hl5a00
pioneer-700-2p-hard-roof-short,Pioneer 700-2P Hard Roof (Short),,1123,0SR85HL3101,https://www.hondamotorbikes.co.nz/honda-genuine-accessories/0sr85hl3101
transalp-fairing-deflector,Transalp Fairing Deflector,,105,08R72MLCD00,https://www.hondamotorbikes.co.nz/honda-genuine-accessories/08r72mlcd00
cbr650r-cb650r-rear-seat-cowl-matte-gunpowder-black-metallic,CBR650R / CB650R Rear Seat Cowl - Matte Gunpowder Black Metallic,,317,08F71MKYE20ZB,https://www.hondamotorbikes.co.nz/honda-genuine-accessories/08f71mkye20zb
cbr500r-tank-pad-cbr-logo,CBR500R Tank Pad (CBR Logo),,105,08P71MKFDK0,https://www.hondamotorbikes.co.nz/honda-genuine-accessories/08p71mkfdk0
transalp-aluminium-panel-50l-top-box,Transalp Aluminium Panel - 50L Top Box,,137,08L83MKTD00,https://www.hondamotorbikes.co.nz/honda-genuine-accessories/08l83mktd00
pioneer-700-winch-mount-kit,Pioneer 700 Winch Mount Kit,,1086,0SL72HL3A00,https://www.hondamotorbikes.co.nz/honda-genuine-accessories/0sl72hl3a00
cbr650r-cb650r-quick-shifter-kit,CBR650R / CB650R Quick Shifter Kit,,370,08U72MKND50,https://www.hondamotorbikes.co.nz/honda-genuine-accessories/08u72mknd50
cbr650r-cb650r-tank-bag-attachment,CBR650R / CB650R Tank Bag Attachment,,31,08L72MKJD00,https://www.hondamotorbikes.co.nz/honda-genuine-accessories/08l72mkjd00
cb750-hornet-skid-pad,CB750 Hornet Skid Pad,,445,08P70MLBD00,https://www.hondamotorbikes.co.nz/honda-genuine-accessories/08p70mlbd00
cl500-headlight-visor,CL500 Headlight Visor,,328,08R71K3SJA0,https://www.hondamotorbikes.co.nz/honda-genuine-accessories/08r71k3sja0
cb650r-tank-pad-cb-logo,CB650R Tank Pad (CB Logo),,41,08P71MKND50,https://www.hondamotorbikes.co.nz/honda-genuine-accessories/08p71mknd50
cbr500r-smoke-high-windscreen,CBR500R Smoke High Windscreen,,169,08R70MKPD00ZA,https://www.hondamotorbikes.co.nz/honda-genuine-accessories/08r70mkpd00za
pioneer-1000-fabric-front-doors-black,Pioneer 1000 Fabric Front Doors (Black),,1558,0SR90HL4212A,https://www.hondamotorbikes.co.nz/honda-genuine-accessories/pioneer-1000-fabric-front-doors-black
pioneer-1000-glass-windshield,Pioneer 1000 Glass Windshield,,1966,PIONEER-1000-GLASS-WINDSHIELD,https://www.hondamotorbikes.co.nz/honda-genuine-accessories/0su85hl4a00
pioneer-1000-3p-rear-fox-shocks,Pioneer 1000-3P Rear Fox Shocks,,1880,08Z71HL4F50,https://www.hondamotorbikes.co.nz/honda-genuine-accessories/pioneer-1000-3p-rear-fox-shocks
africa-twin-plastic-top-box-base,Africa Twin Plastic Top Box Base,,84,08L78MKSE00,https://www.hondamotorbikes.co.nz/honda-genuine-accessories/08l78mkse00
cbr500r-tank-bag-attachment,CBR500R Tank Bag Attachment,,126,08L70MLRD00,https://www.hondamotorbikes.co.nz/honda-genuine-accessories/08l70mlrd00
pioneer-1000-520-horn-kit,Pioneer 1000 / 520 Horn Kit,,130,08P75HL5A00,https://www.hondamotorbikes.co.nz/honda-genuine-accessories/pioneer-horn-kit
nx500-cb750-side-bags,NX500 / CB750 Side Bags,,933,08L73MLBD01,https://www.hondamotorbikes.co.nz/honda-genuine-accessories/08l73mlbd01
pioneer-1000-3p6p-bed-mat,Pioneer 1000-3P/6P Bed Mat,,419,0SP42HL4202,https://www.hondamotorbikes.co.nz/honda-genuine-accessories/0sp42hl4202
africa-twin-low-seat-paulista-red,Africa Twin Low Seat Paulista Red,,,08R73MKSE00ZA,https://www.hondamotorbikes.co.nz/honda-genuine-accessories/08r73mkse00za
africa-twin-nx500-top-box-lock,Africa Twin / NX500 Top Box Lock,,190,08L73MJPG50,https://www.hondamotorbikes.co.nz/honda-genuine-accessories/08l73mjpg50
africa-twin-aluminium-panniers-inner-bags-set-of-2,Africa Twin Aluminium Panniers Inner Bags Set of 2,,243,08L84MKSE00,https://www.hondamotorbikes.co.nz/honda-genuine-accessories/08l84mkse00
cl500-rear-side-cover,CL500 Rear Side Cover,,84,08F71K3SJA0,https://www.hondamotorbikes.co.nz/honda-genuine-accessories/08f71k3sja0
africa-twin-comfort-seat-paulista-red,Africa Twin Comfort Seat Paulista Red,,317,08R71MLNE00ZA,https://www.hondamotorbikes.co.nz/honda-genuine-accessories/08r71mlne00za
nt1100-pannier-support-kit,NT1100 Pannier Support Kit,,264,08L70MLFE00,https://www.hondamotorbikes.co.nz/honda-genuine-accessories/08l70mlfe00
rear-seat-bag,Rear Seat Bag,,243,08L73MKJD00,https://www.hondamotorbikes.co.nz/honda-genuine-accessories/08l73mkjd00
pioneer-700-underdash-storage-tray,Pioneer 700 Underdash Storage Tray,,623,08L73HL3A41,https://www.hondamotorbikes.co.nz/honda-genuine-accessories/08l73hl3a41
cb650r-front-fender-panels,CB650R Front Fender Panels,,307,08F73MKND50,https://www.hondamotorbikes.co.nz/honda-genuine-accessories/08f73mknd50
africa-twin-grip-heaters,Africa Twin Grip Heaters,,402,08T70MLNE00,https://www.hondamotorbikes.co.nz/honda-genuine-accessories/08t70mlne00
cbr650r-high-wind-screen,CBR650R High Wind Screen,,126,08R70MKND10,https://www.hondamotorbikes.co.nz/honda-genuine-accessories/08r70mknd10
transalp-pannier-inner-bags,Transalp Pannier Inner Bags,,275,08L78MKTD00,https://www.hondamotorbikes.co.nz/honda-genuine-accessories/08l78mktd00
africa-twin-aluminium-panniers-stay,Africa Twin Aluminium Panniers Stay,,742,08L77MKSE00,https://www.hondamotorbikes.co.nz/honda-genuine-accessories/08l77mkse00
45l-tank-bag,4.5L Tank Bag,,254,08L85MKSE00,https://www.hondamotorbikes.co.nz/honda-genuine-accessories/08l85mkse00
cb750-hornet-grip-ends,CB750 Hornet Grip Ends,,126,08F72MLBD00,https://www.hondamotorbikes.co.nz/honda-genuine-accessories/08f72mlbd00
cbr500r-cb500f-12v-socket,CBR500R / CB500F 12V Socket,,201,CBR500R-CB500F-12V-SOCKET,https://www.hondamotorbikes.co.nz/honda-genuine-accessories/08u70mjwj00
pioneer-700-busbar-kit,Pioneer 700 Busbar Kit,,283,0SS27HL3A00,https://www.hondamotorbikes.co.nz/honda-genuine-accessories/0ss27hl3a00
africa-twin-low-deflectors-set,Africa Twin Low Deflectors Set,,116,08R72MKSE00,https://www.hondamotorbikes.co.nz/honda-genuine-accessories/08r72mkse00
nx500-knuckle-guards,NX500 Knuckle Guards,,169,08P70MKPDQ0,https://www.hondamotorbikes.co.nz/honda-genuine-accessories/08p70mkpdq0
nc750x-pannier-case-set,NC750X Pannier Case Set,,1644,08L72MKWD00,https://www.hondamotorbikes.co.nz/honda-genuine-accessories/08l72mkwd00
cb500f-tank-bag-attachment-kit,CB500F Tank Bag Attachment Kit,,126,08L70MKPJ00,https://www.hondamotorbikes.co.nz/honda-genuine-accessories/08l70mkpj00
cb650r-tank-side-sticker,CB650R Tank Side Sticker,,73,08F74MKYE20ZA,https://www.hondamotorbikes.co.nz/honda-genuine-accessories/08f74mkye20za
cl500-rear-side-cover-decal,CL500 Rear Side Cover Decal,,16,08F77K3SJA0ZA,https://www.hondamotorbikes.co.nz/honda-genuine-accessories/08f77k3sja0za
1-key-components-cylinder-body-kit,1 Key Components (Cylinder Body Kit),,31,08M71MJED01,https://www.hondamotorbikes.co.nz/honda-genuine-accessories/08m71mjed01
knuckle-guard-extension-white,Knuckle Guard Extension White,,,08P72MKSE00ZB,https://www.hondamotorbikes.co.nz/honda-genuine-accessories/08p72mkse00zb
cb650r-e-clutch,CB650R E-Clutch,,,CB650R-E-CLUTCH,https://www.hondamotorbikes.co.nz/cb650r-e-clutch
rear-seat-bag-attachment,Rear Seat Bag Attachment,,27,REAR-SEAT-BAG-ATTACHMENT,https://www.hondamotorbikes.co.nz/honda-genuine-accessories/08l70mkpt00
cb500f-heated-grip-attachment,CB500F Heated Grip Attachment,,169,CB500F-HEATED-GRIP-ATTACHMENT,https://www.hondamotorbikes.co.nz/honda-genuine-accessories/08t70mlrd40
igx800,IGX800,,,IGX800,https://www.hondaoutdoors.co.nz/engines/igx800
eg5500cxs-industrial-framed-generator,EG5500CXS Industrial Framed Generator,,3999,EG5500CXS-INDUSTRIAL-FRAMED-GENERATOR,https://www.hondaoutdoors.co.nz/eg5500cxs
hhb36-battery-blower,HHB36 Battery Blower,,399,HHB36-BATTERY-BLOWER,https://www.hondaoutdoors.co.nz/hhb36-battery-blower
round-trimmer-line-27mm-x-33m,Round Trimmer Line (2.7mm x 33m),,25,ROUND-TRIMMER-LINE-27MM-X-33M,https://www.hondaoutdoors.co.nz/round-trimmer-line-27mm-x-33m
hrx217-lawn-mower,HRX217 Lawn Mower,,2399,HRX217-LAWN-MOWER,https://www.hondaoutdoors.co.nz/lawncare/domestic-lawnmowers/hrx217-premium-lawnmower
pioneer-520-half-cargo-box,Pioneer 520 Half Cargo Box,,940,PIONEER-520-HALF-CARGO-BOX,https://www.hondamotorbikes.co.nz/honda-genuine-accessories/0sl52hl6a01
wb20-2-water-pump,"WB20 2"" Water Pump",,1049,WB20-2-WATER-PUMP,https://www.hondaoutdoors.co.nz/wb20-water-pump
pioneer-1000-front-storage-box,Pioneer 1000 Front Storage Box,,828,PIONEER-1000-FRONT-STORAGE-BOX,https://www.hondamotorbikes.co.nz/honda-genuine-accessories/pioneer-1000-front-storage-box
nx500-top-box-base,NX500 Top Box Base,,169,NX500-TOP-BOX-BASE,https://www.hondamotorbikes.co.nz/honda-genuine-accessories/08l73mlrd80
eu30is-wheel-kit-4-wheels-with-locking-front-casters,EU30iS Wheel Kit (4 Wheels) with locking front casters,,325,EU30IS-WHEEL-KIT-4-WHEELS-WITH-LOCKING-FRONT-CASTERS,https://www.hondaoutdoors.co.nz/wheel-kit-4-wheels-eu30is
cbr650r-cb650r-rear-seat-bag-attachment,CBR650R / CB650R Rear Seat Bag Attachment,,20,CBR650R-CB650R-REAR-SEAT-BAG-ATTACHMENT,https://www.hondamotorbikes.co.nz/honda-genuine-accessories/08l70mkjd00
africa-twin-backrest-for-58l-top-box,Africa Twin Backrest For 58L Top Box,,84,AFRICA-TWIN-BACKREST-FOR-58L-TOP-BOX,https://www.hondamotorbikes.co.nz/honda-genuine-accessories/08l79mkse00
pioneer-520-700-light-bar-clamp-41mm,Pioneer 520 / 700 Light Bar Clamp 41mm,,,PIONEER-520-700-LIGHT-BAR-CLAMP-41MM,https://www.hondamotorbikes.co.nz/honda-genuine-accessories/0sv31hl3302a
transalp-pannier-support-stay,Transalp Pannier Support Stay,,317,TRANSALP-PANNIER-SUPPORT-STAY,https://www.hondamotorbikes.co.nz/honda-genuine-accessories/08l72mlcd00
msx125-grom,MSX125 Grom,,,MSX125-GROM,https://www.hondamotorbikes.co.nz/msx125-grom
cb500-hornet,CB500 Hornet,,,CB500-HORNET,https://www.hondamotorbikes.co.nz/cb500-hornet